1190101,1190101,博多,,,11901,40,812-0012,福岡市博多区博多駅中央街,130.420622,33.590002,,,0,1190101
1190102,1190102,博多南,,,11901,40,816-0844,春日市上白水柏田,130.436997,33.517955,,,0,1190102
1190201,1161236,下関,,,11902,35,750-0025,下関市大字竹崎町４丁目,130.923038,33.950306,,,0,1190201
1190202,1190202,門司港,,,11902,40,801-0841,北九州市門司区西海岸１丁目,130.961549,33.945138,,,0,1190202
1190203,1190203,小森江,,,11902,40,800-0007,北九州市門司区小森江３丁目,130.938674,33.916352,,,0,1190203
1190204,1161237,門司,,,11902,40,800-0039,北九州市門司区中町,130.933438,33.904309,,,0,1190204
1190205,1190205,小倉,,,11902,40,802-0001,北九州市小倉北区浅野１丁目,130.882678,33.886756,,,0,1190205
1190206,1190206,西小倉,,,11902,40,803-0812,北九州市小倉北区室町３丁目,130.873897,33.888673,,,0,1190206
1190207,1190207,九州工大前,,,11902,40,804-0011,北九州市戸畑区中原西１丁目,130.840068,33.900396,,,0,1190207
1190208,1190208,戸畑,,,11902,40,804-0067,北九州市戸畑区汐井町,130.820692,33.897018,,,0,1190208
1190209,1190209,枝光,,,11902,40,805-0002,北九州市八幡東区枝光２丁目,130.813318,33.879367,,,0,1190209
1190210,1190210,スペースワールド,,,11902,40,805-0057,北九州市八幡東区大字尾倉４００-４,130.806197,33.871246,,,0,1190210
1190211,1190211,八幡,,,11902,40,805-0061,北九州市八幡東区西本町３丁目,130.795209,33.868913,,,0,1190211
1190212,1190212,黒崎,,,11902,40,806-0021,北九州市八幡西区黒崎３丁目,130.766206,33.866807,,,0,1190212
1190213,1190213,陣原,,,11902,40,807-0821,北九州市八幡西区陣原１丁目２番１号,130.742656,33.868242,,,0,1190213
1190214,1190214,折尾,,,11902,40,807-0861,北九州市八幡西区堀川町,130.713109,33.863629,,,0,1190214
1190215,1190215,水巻,,,11902,40,807-0021,遠賀郡水巻町大字頃末,130.694624,33.852287,,,0,1190215
1190216,1190216,遠賀川,,,11902,40,811-4303,遠賀郡遠賀町今古賀,130.673485,33.846684,,,0,1190216
1190217,1190217,海老津,,,11902,40,811-4231,遠賀郡岡垣町大字海老津,130.623070,33.840248,,,0,1190217
1190218,1190218,教育大前,,,11902,40,811-4145,宗像市陵厳寺,130.590256,33.808215,,,0,1190218
1190219,1190219,赤間,,,11902,40,811-4183,宗像市大字土穴,130.569477,33.808237,,,0,1190219
1190220,1190220,東郷,,,11902,40,811-3431,宗像市田熊,130.528822,33.794488,,,0,1190220
1190221,1190221,東福間,,,11902,40,811-3222,福津市津丸,130.511111,33.774118,,,0,1190221
1190222,1190222,福間,,,11902,40,811-3200,福津市中央３丁目,130.486088,33.763316,,,0,1190222
1190223,1190223,千鳥,,,11902,40,811-3115,古賀市久保,130.476320,33.749129,,,0,1190223
1190224,1190224,古賀,,,11902,40,811-3100,古賀市後牟田,130.466898,33.732586,,,0,1190224
1190232,1190232,ししぶ,,,11902,40,811-3107,福岡県古賀市美明二丁目,130.459042,33.722223,,,0,1190224
1190233,1190233,新宮中央,,,11902,40,811-0117,福岡県糟屋郡新宮町上府1323-2,130.449163,33.711659,2010-03-13,,0,1190224
1190225,1190225,福工大前,,,11902,40,811-0213,福岡市東区和白丘１丁目,130.440536,33.698813,,,0,1190225
1190226,1190226,九産大前,,,11902,40,813-0001,福岡市東区唐原,130.441184,33.673743,,,0,1190226
1190227,1190227,香椎,,,11902,40,813-0013,福岡市東区香椎駅前１丁目,130.444063,33.659228,,,0,1190227
1190228,1190228,千早,,,11902,40,813-0041,福岡市東区水谷２丁目８３-１,130.440486,33.649116,,,0,1190228
1190229,1190229,箱崎,,,11902,40,812-0053,福岡市東区箱崎１丁目,130.426549,33.618063,,,0,1190229
1190230,1190230,吉塚,,,11902,40,812-0046,福岡市博多区吉塚本町,130.423674,33.607142,,,0,1190230
1190231,1190101,博多,,,11902,40,812-0012,福岡市博多区博多駅中央街,130.420622,33.590002,,,0,1190231
1190301,1190101,博多,,,11903,40,812-0012,福岡市博多区博多駅中央街,130.420622,33.590002,,,0,1190301
1190302,1190302,竹下,,,11903,40,812-0895,福岡市博多区竹下４丁目,130.431625,33.568688,,,0,1190302
1190303,1190303,笹原,,,11903,40,811-1302,福岡市南区井尻３丁目,130.448396,33.553612,,,0,1190303
1190304,1190304,南福岡,,,11903,40,812-0884,福岡市博多区寿町２丁目,130.460447,33.542092,,,0,1190304
1190305,1190305,春日,,,11903,40,816-0802,春日市春日原北町,130.469308,33.534701,,,0,1190305
1190306,1190306,大野城,,,11903,40,816-0943,大野城市白木原１丁目,130.480063,33.524944,,,0,1190306
1190307,1190307,水城,,,11903,40,816-0952,大野城市下大利３丁目,130.490220,33.517790,,,0,1190307
1190308,1190308,都府楼南,,,11903,40,818-0105,太宰府市都府楼南３丁目,130.506625,33.503153,,,0,1190308
1190309,1190309,二日市,,,11903,40,818-0051,筑紫野市大字二日市栄町,130.518843,33.494515,,,0,1190309
1190310,1190310,天拝山,,,11903,40,818-0042,筑紫野市立明寺,130.530240,33.481847,,,0,1190310
1190311,1190311,原田,,,11903,40,818-0024,筑紫野市大字原田,130.539376,33.451769,,,0,1190311
1190312,1190312,けやき台,,,11903,41,841-0201,三養基郡基山町小倉,130.533392,33.434537,,,0,1190312
1190313,1190313,基山,,,11903,41,841-0201,三養基郡基山町大字小倉,130.532365,33.420945,,,0,1190313
1190314,1190314,弥生が丘,,,11903,41,841-0011,鳥栖市永吉町字来帰り６３３-１,130.528514,33.401944,,,0,1190314
1190315,1190315,田代,,,11903,41,841-0014,鳥栖市桜町,130.524496,33.384007,,,0,1190315
1190316,1190316,鳥栖,,,11903,41,841-0034,鳥栖市京町,130.519374,33.373864,,,0,1190316
1190317,1190317,肥前旭,,,11903,41,841-0066,鳥栖市儀徳町,130.495981,33.350237,,,0,1190317
1190318,1190318,久留米,,,11903,40,830-0022,久留米市城南町２丁目,130.501408,33.319778,,,0,1190318
1190319,1190319,荒木,,,11903,40,830-0062,久留米市荒木町白口,130.502680,33.277149,,,0,1190319
1190320,1190320,西牟田,,,11903,40,833-0053,筑後市大字西牟田,130.500981,33.246243,,,0,1190320
1190321,1190321,羽犬塚,,,11903,40,833-0031,筑後市山ノ井諏訪ノ前,130.497610,33.209822,,,0,1190321
1190322,1190322,筑後船小屋,,,11903,40,833-0015,筑後市大字津島,130.49160361289978,33.17802332986661,,,0,1190322
1190323,1190323,瀬高,,,11903,40,835-0024,みやま市瀬高町下庄２３１５,130.485181,33.157000,,,0,1190323
1190324,1190324,南瀬高,,,11903,40,835-0013,みやま市瀬高町太神,130.471188,33.133699,,,0,1190324
1190325,1190325,渡瀬,,,11903,40,839-0215,みやま市高田町濃施,130.460094,33.099622,,,0,1190325
1190326,1190326,吉野,,,11903,40,837-0906,大牟田市倉永字神屋原,130.466459,33.075599,,,0,1190326
1190327,1190327,銀水,,,11903,40,837-0917,大牟田市大字草木,130.460944,33.054932,,,0,1190327
1190328,1190328,大牟田,,,11903,40,836-0843,大牟田市不知火町１丁目,130.443784,33.029754,,,0,1190328
1190329,1190329,荒尾,,,11903,43,864-0002,荒尾市大字万田,130.434717,32.994682,,,0,1190329
1190330,1190330,南荒尾,,,11903,43,864-0032,荒尾市大字増永,130.433012,32.966029,,,0,1190330
1190331,1190331,長洲,,,11903,43,869-0121,玉名郡長洲町高浜１４７９,130.455652,32.935205,,,0,1190331
1190332,1190332,大野下,,,11903,43,869-0224,玉名市岱明町大野下,130.502038,32.921737,,,0,1190332
1190333,1190333,玉名,,,11903,43,865-0064,玉名市中,130.548494,32.926021,,,0,1190333
1190334,1190334,肥後伊倉,,,11903,43,865-0041,玉名市伊倉北方,130.586803,32.913233,,,0,1190334
1190335,1190335,木葉,,,11903,43,869-0303,玉名郡玉東町大字木葉,130.626441,32.916528,,,0,1190335
1190336,1190336,田原坂,,,11903,43,861-0155,熊本市北区植木町轟1687,130.653197,32.899416,,,0,1190336
1190337,1190337,植木,,,11903,43,861-0142,熊本市北区植木町鐙田75,130.680834,32.880226,,,0,1190337
1190338,1190338,西里,,,11903,43,861-5522,熊本市下硯川町,130.700139,32.854607,,,0,1190338
1190339,1190339,崇城大学前,,,11903,43,860-0082,熊本市池田４丁目,130.694895,32.831020,,,0,1190339
1190340,1190340,上熊本,,,11903,43,860-0079,熊本市上熊本２丁目,130.698831,32.817305,,,0,1190340
1190341,1190341,熊本,,,11903,43,860-0047,熊本市春日３丁目,130.688499,32.789207,,,0,1190341
1190351,1190351,西熊本,,,11903,43,861-4134,熊本市南区刈草一丁目,130.683056,32.762639,2016-03-26,,0,1190341
1190342,1190342,川尻,,,11903,43,861-4113,熊本市八幡町,130.679907,32.743772,,,0,1190342
1190350,1190350,富合,,,11903,43,861-4163,熊本県熊本市南区富合町志々水63-6,130.672808,32.713658,2011-03-22,,0,1190342
1190343,1190343,宇土,,,11903,43,869-0406,宇土市三拾町,130.669148,32.694237,,,0,1190343
1190344,1190344,松橋,,,11903,43,869-0551,宇城市不知火町御領,130.670588,32.652324,,,0,1190344
1190345,1190345,小川,,,11903,43,869-0623,宇城市小川町川尻,130.694339,32.600979,,,0,1190345
1190346,1190346,有佐,,,11903,43,869-4212,八代市鏡町下有佐,130.670049,32.562711,,,0,1190346
1190347,1190347,千丁,,,11903,43,869-4702,八代市千丁町吉王丸,130.645560,32.532387,,,0,1190347
1190348,1190348,新八代,,,11903,43,866-0824,八代市上日置町字女夫木４７７４-２,130.634919,32.517888,,,0,1190348
1190349,1190349,八代,,,11903,43,866-0831,八代市萩原町１丁目,130.621609,32.503805,,,0,1190349
1190401,1190401,川内,,,11904,46,895-0024,薩摩川内市鳥追町,130.312130,31.813726,,,0,1190401
1190402,1190402,隈之城,,,11904,46,895-0041,薩摩川内市隈之城町,130.307092,31.792550,,,0,1190402
1190403,1190403,木場茶屋,,,11904,46,895-0034,薩摩川内市木場茶屋町,130.308046,31.766138,,,0,1190403
1190404,1190404,串木野,,,11904,46,896-0001,鹿児島県いちき串木野市曙町11760,130.274531,31.721605,,,0,1190404
1190414,1190414,神村学園前,,,11904,46,896-0037,鹿児島県いちき串木野市別府4251,130.284129,31.703731,2010-03-13,,0,1190404
1190405,1190405,市来,,,11904,46,899-2103,いちき串木野市大里,130.302727,31.689990,,,0,1190405
1190406,1190406,湯之元,,,11904,46,899-2201,日置市東市来町湯田,130.336753,31.673961,,,0,1190406
1190407,1190407,東市来,,,11904,46,899-2202,日置市東市来町長里,130.347609,31.655164,,,0,1190407
1190408,1190408,伊集院,,,11904,46,899-2502,日置市伊集院町徳重,130.395703,31.630148,,,0,1190408
1190409,1190409,薩摩松元,,,11904,46,899-2703,鹿児島市上谷口町,130.439002,31.605318,,,0,1190409
1190410,1190410,上伊集院,,,11904,46,899-2703,鹿児島市上谷口町,130.459468,31.593837,,,0,1190410
1190413,1190413,広木,,,11904,46,890-0035,鹿児島県鹿児島市田上町広木,130.504328,31.576712,,,0,1190410
1190411,1190411,鹿児島中央,,,11904,46,890-0053,鹿児島市中央町,130.541789,31.583727,,,0,1190411
1190412,1190412,鹿児島,,,11904,46,892-0812,鹿児島市浜町,130.564112,31.602098,,,0,1190412
1190501,1190316,鳥栖,,,11905,41,841-0034,鳥栖市京町,130.519374,33.373864,,,0,1190501
1190542,1190542,新鳥栖,,,11905,41,841-0071,佐賀県鳥栖市原古賀町字一本松220-2,130.491111,33.370278,2011-03-12,,0,1190501
1190502,1190502,肥前麓,,,11905,41,841-0076,鳥栖市平田町,130.477499,33.365780,,,0,1190502
1190503,1190503,中原,,,11905,41,849-0101,三養基郡みやき町原古賀,130.440046,33.346241,,,0,1190503
1190504,1190504,吉野ケ里公園,,,11905,41,842-0031,佐賀県神埼郡吉野ヶ里町吉田,130.399553,33.324917,,,0,1190504
1190505,1190505,神埼,,,11905,41,842-0002,神埼市神埼町田道ケ里,130.374446,33.315851,,,0,1190505
1190506,1190506,伊賀屋,,,11905,41,849-0911,佐賀市兵庫町大字若宮,130.336753,33.290195,,,0,1190506
1190507,1190507,佐賀,,,11905,41,840-0801,佐賀市駅前中央１丁目,130.297608,33.264212,,,0,1190507
1190508,1190508,鍋島,,,11905,41,849-0932,佐賀市鍋島町大字八戸溝,130.265702,33.259062,,,0,1190508
1190509,1190509,バルーンさが,,,11905,41,840-0864,佐賀市嘉瀬町荻野字黒木篭,130.248942,33.257795,,,0,1190509
1190510,1190510,久保田,,,11905,41,849-0202,佐賀市久保田町久富,130.229594,33.255717,,,0,1190510
1190511,1190511,牛津,,,11905,41,849-0302,小城市牛津町柿樋瀬,130.201016,33.247859,,,0,1190511
1190512,1190512,肥前山口,,,11905,41,849-0501,杵島郡江北町大字山口,130.160858,33.219190,,,0,1190512
1190513,1190513,肥前白石,,,11905,41,849-1112,杵島郡白石町大字福田,130.135952,33.186679,,,0,1190513
1190514,1190514,肥前竜王,,,11905,41,849-1204,杵島郡白石町坂田,130.120420,33.146663,,,0,1190514
1190515,1190515,肥前鹿島,,,11905,41,849-1311,鹿島市大字高津原,130.097805,33.114445,,,0,1190515
1190516,1190516,肥前浜,,,11905,41,849-1322,鹿島市浜町,130.117079,33.095103,,,0,1190516
1190517,1190517,肥前七浦,,,11905,41,849-1323,鹿島市大字音成,130.145245,33.070931,,,0,1190517
1190518,1190518,肥前飯田,,,11905,41,849-1324,鹿島市大字飯田乙,130.158754,33.055701,,,0,1190518
1190519,1190519,多良,,,11905,41,849-1602,藤津郡太良町大字多良,130.176049,33.025240,,,0,1190519
1190520,1190520,肥前大浦,,,11905,41,849-1613,藤津郡太良町大字大浦丙,130.207159,32.975043,,,0,1190520
1190521,1190521,小長井,,,11905,42,859-0165,諫早市小長井町小川原浦,130.186386,32.924075,,,0,1190521
1190522,1190522,長里,,,11905,42,859-0151,諫早市小長井町打越,130.165484,32.915260,,,0,1190522
1190523,1190523,湯江,,,11905,42,859-0132,諫早市高来町三部壱,130.140614,32.904811,,,0,1190523
1190524,1190524,小江,,,11905,42,859-0113,諫早市高来町下与,130.112282,32.891351,,,0,1190524
1190525,1190525,肥前長田,,,11905,42,859-0301,諫早市長田町,130.079971,32.861773,,,0,1190525
1190526,1190526,東諫早,,,11905,42,859-0311,諫早市小豆崎町,130.061675,32.852823,,,0,1190526
1190527,1190527,諫早,,,11905,42,854-0072,諫早市永昌町,130.041596,32.851018,,,0,1190527
1190528,1190528,西諫早,,,11905,42,854-0075,諫早市馬渡町,130.021269,32.839632,,,0,1190528
1190529,1190529,喜々津,,,11905,42,859-0401,諫早市多良見町化屋,129.986270,32.832743,,,0,1190529
1190530,1190530,市布,,,11905,42,859-0403,諫早市多良見町市布,129.965831,32.818986,,,0,1190530
1190531,1190531,肥前古賀,,,11905,42,851-0131,長崎市松原町,129.951571,32.798463,,,0,1190531
1190532,1190532,現川,,,11905,42,851-0135,長崎市現川町,129.926453,32.791180,,,0,1190532
1190533,1190533,東園,,,11905,42,859-0411,諫早市多良見町東園,129.962591,32.847091,,,0,1190533
1190534,1190534,大草,,,11905,42,859-0414,諫早市多良見町元釜,129.938972,32.860232,,,0,1190534
1190535,1190535,本川内,,,11905,42,851-2122,西彼杵郡長与町本川内郷,129.899916,32.831792,,,0,1190535
1190536,1190536,長与,,,11905,42,851-2126,西彼杵郡長与町吉無田郷,129.879434,32.818981,,,0,1190536
1190537,1190537,高田,,,11905,42,851-2127,西彼杵郡長与町高田郷,129.869457,32.819475,,,0,1190537
1190538,1190538,道ノ尾,,,11905,42,852-8053,長崎市葉山町,129.852997,32.804329,,,0,1190538
1190539,1190539,西浦上,,,11905,42,852-8044,長崎市音無町,129.859206,32.790245,,,0,1190539
1190540,1190540,浦上,,,11905,42,852-8108,長崎市川口町,129.863304,32.765767,,,0,1190540
1190541,1190541,長崎,,,11905,42,850-0058,長崎市尾上町,129.870515,32.753085,,,0,1190541
1190601,1190202,門司港,,,11906,40,801-0841,北九州市門司区西海岸１丁目,130.961549,33.945138,,,0,1190601
1190602,1190203,小森江,,,11906,40,800-0007,北九州市門司区小森江３丁目,130.938674,33.916352,,,0,1190602
1190603,1161237,門司,,,11906,40,800-0039,北九州市門司区中町,130.933438,33.904309,,,0,1190603
1190604,1190205,小倉,,,11906,40,802-0001,北九州市小倉北区浅野１丁目,130.882678,33.886756,,,0,1190604
1190605,1190206,西小倉,,,11906,40,803-0812,北九州市小倉北区室町３丁目,130.873897,33.888673,,,0,1190605
1190606,1190606,南小倉,,,11906,40,803-0851,北九州市小倉北区木町３丁目,130.864895,33.869972,,,0,1190606
1190607,1190607,城野,,,11906,40,802-0802,北九州市小倉南区城野一丁目6-1,130.886242,33.858202,,,0,1190607
1190608,1190608,安部山公園,,,11906,40,800-0256,北九州市小倉南区湯川新町４丁目,130.904498,33.844078,,,0,1190608
1190609,1190609,下曽根,,,11906,40,800-0217,北九州市小倉南区下曽根１丁目,130.934829,33.832522,,,0,1190609
1190610,1190610,朽網,,,11906,40,802-0000,北九州市小倉南区井無田,130.955025,33.807384,,,0,1190610
1190611,1190611,苅田,,,11906,40,800-0361,京都郡苅田町神田町１丁目,130.979016,33.784462,,,0,1190611
1190612,1190612,小波瀬西工大前,,,11906,40,800-0344,京都郡苅田町新津,130.971970,33.752992,,,0,1190612
1190613,1190613,行橋,,,11906,40,824-0031,行橋市西宮市２丁目,130.970313,33.728350,,,0,1190613
1190614,1190614,南行橋,,,11906,40,824-0034,行橋市泉中央２丁目,130.981118,33.716332,,,0,1190614
1190615,1190615,新田原,,,11906,40,824-0026,行橋市大字道場寺,131.008316,33.695152,,,0,1190615
1190616,1190616,築城,,,11906,40,829-0101,築上郡築上町東築城,131.038069,33.673119,,,0,1190616
1190617,1190617,椎田,,,11906,40,829-0301,築上郡築上町椎田,131.057965,33.653377,,,0,1190617
1190618,1190618,豊前松江,,,11906,40,828-0002,豊前市大字松江,131.095421,33.622487,,,0,1190618
1190619,1190619,宇島,,,11906,40,828-0021,豊前市大字八屋,131.126354,33.621310,,,0,1190619
1190620,1190620,三毛門,,,11906,40,828-0031,豊前市大字三毛門,131.156530,33.614597,,,0,1190620
1190621,1190621,吉富,,,11906,40,871-0811,築上郡吉富町大字広津,131.174012,33.604465,,,0,1190621
1190622,1190622,中津,,,11906,44,871-0033,中津市大字島田,131.190769,33.599202,,,0,1190622
1190623,1190623,東中津,,,11906,44,871-0003,中津市大字是則,131.238664,33.587880,,,0,1190623
1190624,1190624,今津,,,11906,44,879-0101,中津市大字今津,131.267462,33.571929,,,0,1190624
1190625,1190625,天津,,,11906,44,879-0161,宇佐市大字下敷田,131.292962,33.564678,,,0,1190625
1190626,1190626,豊前善光寺,,,11906,44,879-0309,宇佐市大字東高家,131.322776,33.566479,,,0,1190626
1190627,1190627,柳ケ浦,,,11906,44,872-0032,大分県宇佐市大字江須賀,131.362665,33.564982,,,0,1190627
1190628,1190628,豊前長洲,,,11906,44,872-0001,宇佐市大字長洲,131.383264,33.564650,,,0,1190628
1190629,1190629,宇佐,,,11906,44,879-1132,宇佐市大字岩崎,131.412310,33.531373,,,0,1190629
1190630,1190630,西屋敷,,,11906,44,879-1127,宇佐市大字西屋敷,131.429433,33.504332,,,0,1190630
1190631,1190631,立石,,,11906,44,879-1302,杵築市山香町立石,131.476993,33.481829,,,0,1190631
1190632,1190632,中山香,,,11906,44,879-1307,杵築市山香町野原,131.505721,33.448636,,,0,1190632
1190633,1190633,杵築,,,11906,44,873-0015,杵築市大字八坂野添,131.575295,33.411081,,,0,1190633
1190634,1190634,大神,,,11906,44,879-1504,速見郡日出町大字大神,131.575240,33.383576,,,0,1190634
1190635,1190635,日出,,,11906,44,879-1505,速見郡日出町川崎字則次,131.543036,33.368921,,,0,1190635
1190636,1190636,暘谷,,,11906,44,879-1505,速見郡日出町大字川崎字佐尾,131.530581,33.370112,,,0,1190636
1190637,1190637,豊後豊岡,,,11906,44,879-1507,速見郡日出町大字豊岡,131.501370,33.361923,,,0,1190637
1190638,1190638,亀川,,,11906,44,874-0014,別府市亀川浜田町,131.493019,33.330688,,,0,1190638
1190639,1190639,別府大学,,,11906,44,874-0023,別府市上人ケ浜町,131.499255,33.313270,,,0,1190639
1190640,1190640,別府,,,11906,44,874-0935,別府市駅前町,131.500319,33.279665,,,0,1190640
1190641,1190641,東別府,,,11906,44,874-0947,別府市大字浜脇,131.510537,33.267753,,,0,1190641
1190642,1190642,西大分,,,11906,44,870-0003,大分市大字生石,131.582758,33.245184,,,0,1190642
1190643,1190643,大分,,,11906,44,870-0831,大分市要町,131.606595,33.232794,,,0,1190643
1190644,1190644,牧,,,11906,44,870-0152,大分市大字牧,131.637828,33.237006,,,0,1190644
1190645,1190645,高城,,,11906,44,870-0156,大分市高城新町,131.655746,33.242837,,,0,1190645
1190646,1190646,鶴崎,,,11906,44,870-0106,大分市大字鶴崎,131.686899,33.242852,,,0,1190646
1190647,1190647,大在,,,11906,44,870-0268,大分市大字政所,131.720487,33.243938,,,0,1190647
1190648,1190648,坂ノ市,,,11906,44,870-0302,大分市大字坂ノ市,131.751593,33.236715,,,0,1190648
1190649,1190649,幸崎,,,11906,44,879-2111,大分市本神崎,131.795095,33.233844,,,0,1190649
1190650,1190650,佐志生,,,11906,44,875-0001,臼杵市大字佐志生,131.817688,33.174957,,,0,1190650
1190651,1190651,下ノ江,,,11906,44,875-0003,臼杵市大字田井,131.811159,33.158653,,,0,1190651
1190652,1190652,熊崎,,,11906,44,875-0083,臼杵市大字井村,131.787632,33.135768,,,0,1190652
1190653,1190653,上臼杵,,,11906,44,875-0053,臼杵市大字福良,131.793015,33.112499,,,0,1190653
1190654,1190654,臼杵,,,11906,44,875-0042,臼杵市大字海添,131.807574,33.118496,,,0,1190654
1190655,1190655,津久見,,,11906,44,879-2441,津久見市中央町,131.863696,33.072853,,,0,1190655
1190656,1190656,日代,,,11906,44,879-2682,津久見市大字網代,131.918735,33.066024,,,0,1190656
1190657,1190657,浅海井,,,11906,44,879-2601,佐伯市上浦大字浅海井浦,131.919236,33.043539,,,0,1190657
1190658,1190658,狩生,,,11906,44,876-1101,佐伯市大字狩生,131.904908,33.015334,,,0,1190658
1190659,1190659,海崎,,,11906,44,876-1105,佐伯市大字海崎,131.887960,32.996041,,,0,1190659
1190660,1190660,佐伯,,,11906,44,876-0803,佐伯市駅前２丁目,131.901857,32.972521,,,0,1190660
1190701,1190660,佐伯,,,11907,44,876-0803,佐伯市駅前２丁目,131.901857,32.972521,,,0,1190701
1190702,1190702,上岡,,,11907,44,876-0045,佐伯市上岡区上岡,131.861600,32.956302,,,0,1190702
1190703,1190703,直見,,,11907,44,879-3103,佐伯市直川大字下直見,131.807899,32.928396,,,0,1190703
1190704,1190704,直川,,,11907,44,879-3102,佐伯市直川大字上直見,131.779529,32.898667,,,0,1190704
1190705,1190705,重岡,,,11907,44,879-3201,佐伯市宇目大字大平,131.715499,32.840339,,,0,1190705
1190706,1190706,宗太郎,,,11907,44,879-3204,佐伯市宇目大字重岡,131.706735,32.786280,,,0,1190706
1190707,1190707,市棚,,,11907,45,882-0097,延岡市北川町川内名,131.710255,32.728336,,,0,1190707
1190708,1190708,北川,,,11907,45,882-0097,延岡市北川町川内名,131.697691,32.690558,,,0,1190708
1190709,1190709,日向長井,,,11907,45,889-0102,延岡市北川町長井,131.700156,32.664325,,,0,1190709
1190710,1190710,北延岡,,,11907,45,882-0002,延岡市差木野町,131.689869,32.630276,,,0,1190710
1190711,1190711,延岡,,,11907,45,882-0053,延岡市幸町３丁目,131.672442,32.589944,,,0,1190711
1190712,1190712,南延岡,,,11907,45,882-0867,延岡市構口町１丁目,131.676829,32.559272,,,0,1190712
1190713,1190713,旭ケ丘,,,11907,45,889-0507,宮崎県延岡市旭ヶ丘6丁目,131.681386,32.528120,,,0,1190713
1190714,1190714,土々呂,,,11907,45,889-0513,延岡市土々呂町５丁目,131.675009,32.507832,,,0,1190714
1190715,1190715,門川,,,11907,45,889-0621,東臼杵郡門川町大字東栄町２丁目,131.653972,32.477381,,,0,1190715
1190716,1190716,日向市,,,11907,45,883-0044,日向市上町１丁目,131.627840,32.425800,,,0,1190716
1190717,1190717,財光寺,,,11907,45,883-0021,日向市大字財光寺字沖ノ下,131.627602,32.405654,,,0,1190717
1190718,1190718,南日向,,,11907,45,883-0022,日向市大字平岩,131.627784,32.369867,,,0,1190718
1190719,1190719,美々津,,,11907,45,889-1111,日向市美々津町,131.602279,32.325892,,,0,1190719
1190720,1190720,東都農,,,11907,45,889-1201,児湯郡都農町大字川北,131.582054,32.290109,,,0,1190720
1190721,1190721,都農,,,11907,45,889-1201,児湯郡都農町大字川北,131.568429,32.251085,,,0,1190721
1190722,1190722,川南,,,11907,45,889-1302,児湯郡川南町大字平田,131.553321,32.192224,,,0,1190722
1190723,1190723,高鍋,,,11907,45,884-0004,児湯郡高鍋町大字蚊口浦,131.533927,32.122866,,,0,1190723
1190724,1190724,日向新富,,,11907,45,889-1402,児湯郡新富町大字三納代,131.501627,32.072479,,,0,1190724
1190725,1190725,佐土原,,,11907,45,880-0211,宮崎市佐土原町下田島,131.477504,32.022412,,,0,1190725
1190726,1190726,日向住吉,,,11907,45,880-0121,宮崎市大字島之内,131.457986,31.991244,,,0,1190726
1190727,1190727,蓮ケ池,,,11907,45,880-0837,宮崎県宮崎市村角町,131.442802,31.960113,,,0,1190727
1190728,1190728,宮崎神宮,,,11907,45,880-0053,宮崎市神宮３,131.430223,31.938067,,,0,1190728
1190729,1190729,宮崎,,,11907,45,880-0811,宮崎市錦町,131.431975,31.915742,,,0,1190729
1190730,1190730,南宮崎,,,11907,45,880-0901,宮崎市東大淀２丁目,131.422329,31.895097,,,0,1190730
1190731,1190731,加納,,,11907,45,889-1605,宮崎県宮崎市清武町加納乙4-3,131.406246,31.876084,,,0,1190731
1190732,1190732,清武,,,11907,45,889-1604,宮崎県宮崎市清武町船引484,131.389310,31.859418,,,0,1190732
1190733,1190733,日向沓掛,,,11907,45,889-1602,宮崎県宮崎市清武町今泉3512,131.344763,31.842241,,,0,1190733
1190734,1190734,田野,,,11907,45,889-1701,宮崎市田野町甲,131.304255,31.838438,,,0,1190734
1190735,1190735,青井岳,,,11907,45,880-2303,都城市山之口町山之口（その他）,131.218153,31.827922,,,0,1190735
1190736,1190736,山之口,,,11907,45,889-1802,都城市山之口町花木,131.152735,31.782582,,,0,1190736
1190737,1190737,餅原,,,11907,45,889-1913,北諸県郡三股町大字餅原,131.132508,31.757094,,,0,1190737
1190738,1190738,三股,,,11907,45,889-1901,北諸県郡三股町大字樺山,131.119384,31.733794,,,0,1190738
1190739,1190739,都城,,,11907,45,885-0023,都城市栄町,131.073992,31.736570,,,0,1190739
1190740,1190740,西都城,,,11907,45,885-0077,都城市松元町,131.057027,31.723381,,,0,1190740
1190741,1190741,五十市,,,11907,45,885-0086,都城市久保原町,131.033833,31.718448,,,0,1190741
1190742,1190742,財部,,,11907,46,899-4102,曽於市財部町北俣,130.991374,31.728796,,,0,1190742
1190743,1190743,北俣,,,11907,46,899-4102,曽於市財部町北俣,130.960034,31.745007,,,0,1190743
1190744,1190744,大隅大川原,,,11907,46,899-4103,曽於市財部町下財部,130.924355,31.772767,,,0,1190744
1190745,1190745,北永野田,,,11907,46,899-4202,霧島市霧島永水,130.874440,31.782118,,,0,1190745
1190746,1190746,霧島神宮,,,11907,46,899-4203,霧島市霧島大窪,130.836939,31.818181,,,0,1190746
1190747,1190747,国分,,,11907,46,899-4345,霧島市国分府中,130.763447,31.743657,,,0,1190747
1190748,1190748,隼人,,,11907,46,899-5117,霧島市隼人町見次,130.740316,31.743893,,,0,1190748
1190749,1190749,加治木,,,11907,46,899-5231,鹿児島県姶良市加治木町反土903,130.670752,31.739271,,,0,1190749
1190750,1190750,錦江,,,11907,46,899-5223,鹿児島県姶良市加治木町新生町83,130.653300,31.736910,,,0,1190750
1190751,1190751,帖佐,,,11907,46,899-5421,鹿児島県姶良市東餅田2575,130.632716,31.726970,,,0,1190751
1190752,1190752,姶良,,,11907,46,899-5431,鹿児島県姶良市西餅田3546-1,130.623259,31.715246,,,0,1190752
1190753,1190753,重富,,,11907,46,899-5651,鹿児島県姶良市脇元3001,130.614080,31.702717,,,0,1190753
1190754,1190754,竜ケ水,,,11907,46,892-0871,鹿児島県鹿児島市吉野町10252,130.604239,31.647430,,,0,1190754
1190755,1190412,鹿児島,,,11907,46,892-0812,鹿児島市浜町,130.564112,31.602098,,,0,1190755
1190756,1190411,鹿児島中央,,,11907,46,890-0053,鹿児島市中央町,130.541789,31.583727,,,0,1190756
1190801,1190801,桂川,,,11908,40,820-0608,嘉穂郡桂川町大字豆田,130.662752,33.584705,,,0,1190801
1190802,1190802,筑前大分,,,11908,40,820-0712,飯塚市大分,130.630196,33.590006,,,0,1190802
1190803,1190803,九郎原,,,11908,40,820-0713,飯塚市内住,130.612439,33.592492,,,0,1190803
1190804,1190804,城戸南蔵院前,,,11908,40,811-2405,糟屋郡篠栗町大字篠栗,130.572076,33.618260,,,0,1190804
1190805,1190805,筑前山手,,,11908,40,811-2405,糟屋郡篠栗町大字篠栗,130.556930,33.622251,,,0,1190805
1190806,1190806,篠栗,,,11908,40,811-2405,糟屋郡篠栗町大字篠栗,130.524515,33.624045,,,0,1190806
1190807,1190807,門松,,,11908,40,811-2302,糟屋郡粕屋町大隈,130.496529,33.620531,,,0,1190807
1190808,1190808,長者原,,,11908,40,811-2304,糟屋郡粕屋町仲原,130.477848,33.613567,,,0,1190808
1190809,1190809,原町,,,11908,40,811-2307,糟屋郡粕屋町大字原町,130.470949,33.611748,,,0,1190809
1190810,1190810,柚須,,,11908,40,811-2305,糟屋郡粕屋町柚須,130.445031,33.613206,,,0,1190810
1190811,1190230,吉塚,,,11908,40,812-0046,福岡市博多区吉塚本町,130.423674,33.607142,,,0,1190811
1190812,1190101,博多,,,11908,40,812-0012,福岡市博多区博多駅中央街,130.420622,33.590002,,,0,1190812
1190901,1190901,姪浜,,,11909,40,819-0002,福岡市西区姪の浜４丁目,130.325210,33.583764,,,0,1190901
1190902,1190902,下山門,,,11909,40,819-0052,福岡市西区大字下山門４丁目,130.308217,33.581930,,,0,1190902
1190903,1190903,今宿,,,11909,40,819-0168,福岡市西区今宿駅前１丁目,130.273531,33.579449,,,0,1190903
1190904,1190904,九大学研都市,,,11909,40,819-0375,福岡市西区徳永,130.259832,33.578178,,,0,1190904
1190905,1190905,周船寺,,,11909,40,819-0373,福岡市西区大字周船寺１丁目,130.245766,33.570762,,,0,1190905
1190906,1190906,波多江,,,11909,40,819-1103,福岡県糸島市波多江駅北四丁目3-13,130.226374,33.563876,,,0,1190906
1190907,1190907,筑前前原,,,11909,40,819-1113,福岡県糸島市前原中央一丁目1-15,130.199332,33.557018,,,0,1190907
1190908,1190908,美咲が丘,,,11909,40,819-1121,福岡県糸島市荻浦482-10,130.185039,33.549624,,,0,1190908
1190909,1190909,加布里,,,11909,40,819-1123,福岡県糸島市神在505-16,130.176738,33.543810,,,0,1190909
1190910,1190910,一貴山,,,11909,40,819-1615,福岡県糸島市二丈田中130-3,130.168236,33.534294,,,0,1190910
1190911,1190911,筑前深江,,,11909,40,819-1601,福岡県糸島市二丈深江1055,130.139303,33.515099,,,0,1190911
1190912,1190912,大入,,,11909,40,819-1631,福岡県糸島市二丈福井,130.105576,33.508910,,,0,1190912
1190913,1190913,福吉,,,11909,40,819-1641,福岡県糸島市二丈吉井4086-2,130.079832,33.501660,,,0,1190913
1190914,1190914,鹿家,,,11909,40,819-1642,福岡県糸島市二丈鹿家1799,130.047904,33.484391,,,0,1190914
1190915,1190915,浜崎,,,11909,41,849-5131,唐津市浜玉町浜崎,130.037369,33.446871,,,0,1190915
1190916,1190916,虹ノ松原,,,11909,41,847-0022,唐津市鏡虹町,130.016271,33.441035,,,0,1190916
1190917,1190917,東唐津,,,11909,41,847-0021,唐津市松南町,129.996876,33.439409,,,0,1190917
1190918,1190918,和多田,,,11909,41,847-0000,唐津市和多田,129.980616,33.437048,,,0,1190918
1190919,1190919,唐津,,,11909,41,847-0816,唐津市新興町西新興町,129.968350,33.446038,,,0,1190919
1190920,1190920,西唐津,,,11909,41,847-0861,唐津市二タ子２丁目,129.957748,33.461420,,,0,1190920
1191001,1191001,若松,,,11910,40,808-0035,北九州市若松区白山１丁目,130.806307,33.901179,,,0,1191001
1191002,1191002,藤ノ木,,,11910,40,808-0073,北九州市若松区赤島町,130.781838,33.893426,,,0,1191002
1191003,1191003,奥洞海,,,11910,40,808-0075,北九州市若松区赤岩町９-１,130.764920,33.889165,,,0,1191003
1191004,1191004,二島,,,11910,40,808-0103,北九州市若松区大字二島,130.748413,33.889687,,,0,1191004
1191005,1191005,本城,,,11910,40,807-0802,北九州市八幡西区力丸町２５番１４号,130.722899,33.875135,,,0,1191005
1191006,1190214,折尾,,,11910,40,807-0861,北九州市八幡西区堀川町,130.713109,33.863629,,,0,1191006
1191101,1190214,折尾,,,11911,40,807-0861,北九州市八幡西区堀川町,130.713109,33.863629,,,0,1191101
1191102,1191102,東水巻,,,11911,40,807-0042,遠賀郡水巻町吉田,130.708260,33.840852,,,0,1191102
1191103,1191103,中間,,,11911,40,809-0034,中間市大字中間,130.709302,33.828132,,,0,1191103
1191104,1191104,筑前垣生,,,11911,40,809-0001,中間市大字垣生,130.702269,33.818385,,,0,1191104
1191105,1191105,鞍手,,,11911,40,807-1311,鞍手郡鞍手町小牧,130.699412,33.797699,,,0,1191105
1191106,1191106,筑前植木,,,11911,40,822-0031,直方市植木字平牟田,130.707950,33.777174,,,0,1191106
1191107,1191107,新入,,,11911,40,822-0000,直方市新入,130.714152,33.763498,,,0,1191107
1191108,1191108,直方,,,11911,40,822-0034,直方市大字山部,130.724339,33.748639,,,0,1191108
1191109,1191109,勝野,,,11911,40,820-1102,鞍手郡小竹町赤地字兵丹,130.715893,33.728338,,,0,1191109
1191110,1191110,小竹,,,11911,40,820-1103,鞍手郡小竹町大字勝野,130.710338,33.697227,,,0,1191110
1191111,1191111,鯰田,,,11911,40,820-0001,飯塚市鯰田本町,130.703163,33.669341,,,0,1191111
1191112,1191112,浦田,,,11911,40,820-0001,飯塚市鯰田,130.699277,33.655801,,,0,1191112
1191113,1191113,新飯塚,,,11911,40,820-0003,飯塚市大字立岩,130.694278,33.644261,,,0,1191113
1191114,1191114,飯塚,,,11911,40,820-0017,飯塚市菰田西１丁目,130.689545,33.628487,,,0,1191114
1191115,1191115,天道,,,11911,40,820-0075,飯塚市天道,130.677870,33.605342,,,0,1191115
1191116,1190801,桂川,,,11911,40,820-0608,嘉穂郡桂川町大字豆田,130.662752,33.584705,,,0,1191116
1191201,1190801,桂川,,,11912,40,820-0608,嘉穂郡桂川町大字豆田,130.662752,33.584705,,,0,1191201
1191202,1191202,上穂波,,,11912,40,820-0704,飯塚市阿恵,130.645151,33.566909,,,0,1191202
1191203,1191203,筑前内野,,,11912,40,820-0706,飯塚市内野,130.637930,33.539967,,,0,1191203
1191204,1191204,筑前山家,,,11912,40,818-0003,筑紫野市大字山家,130.574185,33.477472,,,0,1191204
1191205,1190311,原田,,,11912,40,818-0024,筑紫野市大字原田,130.539376,33.451769,,,0,1191205
1191301,1190318,久留米,,,11913,40,830-0022,久留米市城南町２丁目,130.501408,33.319778,,,0,1191301
1191337,1191337,久留米高校前,,,11913,40,830-0038,福岡県久留米市西町,130.517109,33.298431,,,0,1191301
1191302,1191302,南久留米,,,11913,40,839-0862,久留米市野中町,130.532204,33.302857,,,0,1191302
1191303,1191303,久留米大学前,,,11913,40,839-0842,久留米市御井朝妻１丁目１３８７-１,130.548876,33.310843,,,0,1191303
1191304,1191304,御井,,,11913,40,839-0851,久留米市御井町,130.562361,33.312813,,,0,1191304
1191305,1191305,善導寺,,,11913,40,839-0824,久留米市善導寺町大字飯田,130.608851,33.320141,,,0,1191305
1191306,1191306,筑後草野,,,11913,40,839-0834,久留米市草野町紅桃林,130.642143,33.321988,,,0,1191306
1191307,1191307,田主丸,,,11913,40,839-1233,久留米市田主丸町田主丸,130.692353,33.338871,,,0,1191307
1191308,1191308,筑後吉井,,,11913,40,839-1321,うきは市吉井町１９９,130.752193,33.341014,,,0,1191308
1191309,1191309,うきは,,,11913,40,839-1401,うきは市浮羽町朝田,130.789107,33.335060,,,0,1191309
1191310,1191310,筑後大石,,,11913,40,839-1406,うきは市浮羽町高見,130.816899,33.347215,,,0,1191310
1191311,1191311,夜明,,,11913,44,877-1112,日田市夜明中町,130.866195,33.319541,,,0,1191311
1191312,1191312,光岡,,,11913,44,877-0078,日田市北友田町１丁目,130.919901,33.327668,,,0,1191312
1191313,1191313,日田,,,11913,44,877-0013,日田市元町,130.938786,33.317014,,,0,1191313
1191314,1191314,豊後三芳,,,11913,44,877-0035,日田市日高町,130.951557,33.305796,,,0,1191314
1191315,1191315,豊後中川,,,11913,44,879-4122,日田市天瀬町合田,131.005834,33.284482,,,0,1191315
1191316,1191316,天ケ瀬,,,11913,44,879-4201,大分県日田市天瀬町桜竹,131.023877,33.254747,,,0,1191316
1191317,1191317,杉河内,,,11913,44,879-4202,日田市天瀬町赤岩,131.065535,33.264391,,,0,1191317
1191318,1191318,北山田,,,11913,44,879-4331,玖珠郡玖珠町大字戸畑,131.100917,33.282004,,,0,1191318
1191319,1191319,豊後森,,,11913,44,879-4403,玖珠郡玖珠町大字帆足,131.155202,33.282954,,,0,1191319
1191320,1191320,恵良,,,11913,44,879-4801,玖珠郡九重町大字右田,131.174566,33.255224,,,0,1191320
1191321,1191321,引治,,,11913,44,879-4723,玖珠郡九重町大字町田,131.183589,33.229188,,,0,1191321
1191322,1191322,豊後中村,,,11913,44,879-4801,玖珠郡九重町大字右田,131.207548,33.226016,,,0,1191322
1191323,1191323,野矢,,,11913,44,879-4802,玖珠郡九重町大字野上,131.251860,33.240391,,,0,1191323
1191324,1191324,由布院,,,11913,44,879-5114,由布市湯布院町川北,131.355024,33.262551,,,0,1191324
1191325,1191325,南由布,,,11913,44,879-5104,由布市湯布院町中川,131.333544,33.242116,,,0,1191325
1191326,1191326,湯平,,,11913,44,879-5111,由布市湯布院町下湯平,131.354395,33.197339,,,0,1191326
1191327,1191327,庄内,,,11913,44,879-5434,由布市庄内町庄内原,131.402063,33.185126,,,0,1191327
1191328,1191328,天神山,,,11913,44,879-5406,由布市庄内町西長宝,131.438821,33.187154,,,0,1191328
1191329,1191329,小野屋,,,11913,44,879-5405,由布市庄内町東長宝,131.452546,33.185258,,,0,1191329
1191330,1191330,鬼瀬,,,11913,44,879-5521,由布市挾間町鬼瀬,131.485586,33.195721,,,0,1191330
1191331,1191331,向之原,,,11913,44,879-5502,由布市挾間町向原,131.514075,33.196625,,,0,1191331
1191332,1191332,豊後国分,,,11913,44,870-0864,大分市国分,131.551219,33.195065,,,0,1191332
1191333,1191333,賀来,,,11913,44,870-0877,大分市大字賀来,131.562455,33.213091,,,0,1191333
1191334,1191334,南大分,,,11913,44,870-0883,大分市永興,131.585913,33.214276,,,0,1191334
1191335,1191335,古国府,,,11913,44,870-0844,大分市古国府,131.608306,33.220707,,,0,1191335
1191336,1190643,大分,,,11913,44,870-0831,大分市要町,131.606595,33.232794,,,0,1191336
1191401,1190205,小倉,,,11914,40,802-0001,北九州市小倉北区浅野１丁目,130.882678,33.886756,,,0,1191401
1191402,1190206,西小倉,,,11914,40,803-0812,北九州市小倉北区室町３丁目,130.873897,33.888673,,,0,1191402
1191403,1190606,南小倉,,,11914,40,803-0851,北九州市小倉北区木町３丁目,130.864895,33.869972,,,0,1191403
1191404,1190607,城野,,,11914,40,802-0802,北九州市小倉南区城野一丁目6-1,130.886242,33.858202,,,0,1191404
1191405,1191405,石田,,,11914,40,802-0833,北九州市小倉南区上石田,130.888847,33.831985,,,0,1191405
1191406,1191406,志井公園,,,11914,40,802-0981,北九州市小倉南区企救丘２丁目,130.879793,33.818636,,,0,1191406
1191407,1191407,志井,,,11914,40,802-0985,北九州市小倉南区大字志井,130.874596,33.803569,,,0,1191407
1191408,1191408,石原町,,,11914,40,803-0186,北九州市小倉南区大字新道寺,130.865972,33.784959,,,0,1191408
1191409,1191409,呼野,,,11914,40,803-0181,北九州市小倉南区大字呼野,130.861796,33.754949,,,0,1191409
1191410,1191410,採銅所,,,11914,40,822-1401,田川郡香春町大字採銅所,130.853151,33.707489,,,0,1191410
1191411,1191411,香春,,,11914,40,822-1403,田川郡香春町大字高野,130.846972,33.666003,,,0,1191411
1191412,1191412,一本松,,,11914,40,822-1405,田川郡香春町中津原１８０５-２,130.835781,33.656070,,,0,1191412
1191413,1191413,田川伊田,,,11914,40,825-0002,田川市伊田,130.817688,33.642046,,,0,1191413
1191414,1191414,田川後藤寺,,,11914,40,826-0043,田川市奈良,130.800232,33.630294,,,0,1191414
1191415,1191415,池尻,,,11914,40,826-0002,田川郡川崎町大字池尻,130.805704,33.613121,,,0,1191415
1191416,1191416,豊前川崎,,,11914,40,827-0003,田川郡川崎町大字川崎,130.821989,33.596782,,,0,1191416
1191417,1191417,西添田,,,11914,40,824-0601,田川郡添田町大字庄,130.847124,33.573440,,,0,1191417
1191418,1191418,添田,,,11914,40,824-0602,田川郡添田町大字添田,130.856454,33.567352,,,0,1191418
1191429,1191429,歓遊舎ひこさん,,,11914,40,824-0604,田川郡添田町野田１３４７番地,130.859839,33.547909,,,0,1191418
1191419,1191419,豊前桝田,,,11914,40,824-0723,田川郡添田町大字桝田,130.862430,33.535777,,,0,1191419
1191420,1191420,彦山,,,11914,40,824-0722,田川郡添田町大字落合,130.869093,33.500728,,,0,1191420
1191421,1191421,筑前岩屋,,,11914,40,838-1701,朝倉郡東峰村宝珠山,130.881524,33.430539,,,0,1191421
1191422,1191422,大行司,,,11914,40,838-1701,朝倉郡東峰村宝珠山,130.874662,33.396897,,,0,1191422
1191423,1191423,宝珠山,,,11914,40,838-1702,朝倉郡東峰村福井,130.879420,33.378819,,,0,1191423
1191424,1191424,大鶴,,,11914,44,877-1106,日田市大肥本町,130.885387,33.366868,,,0,1191424
1191425,1191425,今山,,,11914,44,877-1111,日田市夜明上町,130.876977,33.345223,,,0,1191425
1191426,1191311,夜明,,,11914,44,877-1112,日田市夜明中町,130.866195,33.319541,,,0,1191426
1191427,1191312,光岡,,,11914,44,877-0078,日田市北友田町１丁目,130.919901,33.327668,,,0,1191427
1191428,1191313,日田,,,11914,44,877-0013,日田市元町,130.938786,33.317014,,,0,1191428
1191501,1191113,新飯塚,,,11915,40,820-0003,飯塚市大字立岩,130.694278,33.644261,,,0,1191501
1191502,1191502,上三緒,,,11915,40,820-0013,飯塚市大字上三緒,130.713824,33.622254,,,0,1191502
1191503,1191503,下鴨生,,,11915,40,820-0206,嘉麻市鴨生,130.728209,33.614811,,,0,1191503
1191504,1191504,筑前庄内,,,11915,40,820-0106,飯塚市赤坂,130.738475,33.616350,,,0,1191504
1191505,1191505,船尾,,,11915,40,826-0041,田川市大字弓削田,130.767387,33.630221,,,0,1191505
1191506,1191414,田川後藤寺,,,11915,40,826-0043,田川市奈良,130.800232,33.630294,,,0,1191506
1191601,1191601,西戸崎,,,11916,40,811-0321,福岡市東区西戸崎１丁目,130.357770,33.650139,,,0,1191601
1191602,1191602,海ノ中道,,,11916,40,811-0321,福岡市東区西戸崎,130.361633,33.664241,,,0,1191602
1191603,1191603,雁ノ巣,,,11916,40,811-0204,福岡市東区奈多,130.403312,33.683872,,,0,1191603
1191604,1191604,奈多,,,11916,40,811-0204,福岡市東区奈多,130.411983,33.686460,,,0,1191604
1191605,1191605,和白,,,11916,40,811-0202,福岡市東区和白３丁目,130.429918,33.688888,,,0,1191605
1191606,1190227,香椎,,,11916,40,813-0013,福岡市東区香椎駅前１丁目,130.444063,33.659228,,,0,1191606
1191701,1190227,香椎,,,11917,40,813-0013,福岡市東区香椎駅前１丁目,130.444063,33.659228,,,0,1191701
1191702,1191702,香椎神宮,,,11917,40,813-0011,福岡市東区香椎５丁目,130.452710,33.649544,,,0,1191702
1191703,1191703,舞松原,,,11917,40,813-0042,福岡市東区舞松原６丁目,130.455141,33.645386,,,0,1191703
1191704,1191704,土井,,,11917,40,813-0032,福岡市東区土井３丁目,130.466068,33.634968,,,0,1191704
1191705,1191705,伊賀,,,11917,40,811-2312,糟屋郡粕屋町大字戸原,130.473554,33.620800,,,0,1191705
1191706,1190808,長者原,,,11917,40,811-2304,糟屋郡粕屋町仲原,130.477848,33.613567,,,0,1191706
1191707,1191707,酒殿,,,11917,40,811-2303,糟屋郡粕屋町大字酒殿,130.486348,33.602652,,,0,1191707
1191708,1191708,須恵,,,11917,40,811-2112,福岡県糟屋郡須恵町大字植木587-8,130.498077,33.596803,,,0,1191708
1191709,1191709,須恵中央,,,11917,40,811-2113,福岡県糟屋郡須恵町大字須恵806,130.505146,33.587296,,,0,1191709
1191710,1191710,新原,,,11917,40,811-2111,福岡県糟屋郡須恵町大字新原249-1,130.508835,33.579061,,,0,1191710
1191711,1191711,宇美,,,11917,40,811-2101,糟屋郡宇美町大字宇美,130.513426,33.569251,,,0,1191711
1191801,1190512,肥前山口,,,11918,41,849-0501,杵島郡江北町大字山口,130.160858,33.219190,,,0,1191801
1191802,1191802,大町,,,11918,41,849-2102,杵島郡大町町大字福母,130.106398,33.212462,,,0,1191802
1191803,1191803,北方,,,11918,41,849-2201,武雄市北方町志久,130.083206,33.216250,,,0,1191803
1191804,1191804,高橋,,,11918,41,843-0001,武雄市朝日町大字甘久,130.042315,33.208100,,,0,1191804
1191805,1191805,武雄温泉,,,11918,41,843-0024,武雄市武雄町大字富岡,130.022322,33.196151,,,0,1191805
1191806,1191806,永尾,,,11918,41,849-2301,武雄市山内町犬走,129.980476,33.193439,,,0,1191806
1191807,1191807,三間坂,,,11918,41,849-2303,武雄市山内町三間坂島巡甲,129.947798,33.194722,,,0,1191807
1191808,1191808,上有田,,,11918,41,844-0002,西松浦郡有田町中樽,129.905404,33.190286,,,0,1191808
1191809,1191809,有田,,,11918,41,844-0000,西松浦郡有田町中部本町,129.881787,33.183779,,,0,1191809
1191810,1191810,三河内,,,11918,42,859-3151,佐世保市三川内本町,129.829190,33.150268,,,0,1191810
1191811,1191811,早岐,,,11918,42,859-3215,佐世保市早岐１丁目,129.799290,33.134155,,,0,1191811
1191812,1191812,大塔,,,11918,42,857-1161,佐世保市大塔町,129.782014,33.149170,,,0,1191812
1191813,1191813,日宇,,,11918,42,857-1151,佐世保市日宇町,129.758276,33.157418,,,0,1191813
1191814,1191814,佐世保,,,11918,42,857-0862,佐世保市白南風町,129.725667,33.163868,,,0,1191814
1192001,1190920,西唐津,,,11920,41,847-0861,唐津市二タ子２丁目,129.957748,33.461420,,,0,1192001
1192002,1190919,唐津,,,11920,41,847-0816,唐津市新興町西新興町,129.968350,33.446038,,,0,1192002
1192003,1192003,鬼塚,,,11920,41,847-0000,唐津市鬼塚,129.987138,33.421166,,,0,1192003
1192004,1192004,山本,,,11920,41,847-0002,唐津市山本,129.981122,33.393472,,,0,1192004
1192005,1192005,肥前久保,,,11920,41,849-3232,唐津市相知町久保,130.000104,33.355738,,,0,1192005
1192006,1192006,西相知,,,11920,41,849-3233,唐津市相知町佐里,129.990530,33.347686,,,0,1192006
1192007,1192007,佐里,,,11920,41,849-3233,唐津市相知町佐里,129.978545,33.337476,,,0,1192007
1192008,1192008,駒鳴,,,11920,41,849-5253,伊万里市大川町駒鳴,129.972469,33.319455,,,0,1192008
1192009,1192009,大川野,,,11920,41,849-5251,伊万里市大川町大川野,129.976724,33.307298,,,0,1192009
1192010,1192010,肥前長野,,,11920,41,848-0000,伊万里市大川町長野,129.971033,33.295710,,,0,1192010
1192011,1192011,桃川,,,11920,41,849-5261,伊万里市松浦町桃川,129.956683,33.271809,,,0,1192011
1192012,1192012,金石原,,,11920,41,849-5263,伊万里市松浦町山形,129.935012,33.265354,,,0,1192012
1192013,1192013,上伊万里,,,11920,41,848-0023,伊万里市大坪町丙,129.892515,33.270066,,,0,1192013
1192014,1192014,伊万里,,,11920,41,848-0041,伊万里市新天町,129.876718,33.271852,,,0,1192014
1192101,1190507,佐賀,,,11921,41,840-0801,佐賀市駅前中央１丁目,130.297608,33.264212,,,0,1192101
1192102,1190508,鍋島,,,11921,41,849-0932,佐賀市鍋島町大字八戸溝,130.265702,33.259062,,,0,1192102
1192103,1190509,バルーンさが,,,11921,41,840-0864,佐賀市嘉瀬町荻野字黒木篭,130.248942,33.257795,,,0,1192103
1192104,1190510,久保田,,,11921,41,849-0202,佐賀市久保田町久富,130.229594,33.255717,,,0,1192104
1192105,1192105,小城,,,11921,41,845-0022,小城市三日月町久米,130.198679,33.285749,,,0,1192105
1192106,1192106,東多久,,,11921,41,846-0012,多久市東多久町大字別府,130.143188,33.285418,,,0,1192106
1192107,1192107,中多久,,,11921,41,846-0023,多久市南多久町大字長尾,130.112308,33.283360,,,0,1192107
1192108,1192108,多久,,,11921,41,846-0002,多久市北多久町大字小侍,130.096195,33.288380,,,0,1192108
1192109,1192109,厳木,,,11921,41,849-3131,唐津市厳木町厳木,130.060148,33.323451,,,0,1192109
1192110,1192110,岩屋,,,11921,41,849-3133,唐津市厳木町本山,130.038436,33.330775,,,0,1192110
1192111,1192111,相知,,,11921,41,849-3201,唐津市相知町相知,130.019337,33.347012,,,0,1192111
1192112,1192112,本牟田部,,,11921,41,849-3231,唐津市相知町牟田部,129.996529,33.372266,,,0,1192112
1192113,1192004,山本,,,11921,41,847-0002,唐津市山本,129.981122,33.393472,,,0,1192113
1192114,1192003,鬼塚,,,11921,41,847-0000,唐津市鬼塚,129.987138,33.421166,,,0,1192114
1192115,1190919,唐津,,,11921,41,847-0816,唐津市新興町西新興町,129.968350,33.446038,,,0,1192115
1192116,1190920,西唐津,,,11921,41,847-0861,唐津市二タ子２丁目,129.957748,33.461420,,,0,1192116
1192201,1191811,早岐,,,11922,42,859-3215,佐世保市早岐１丁目,129.799290,33.134155,,,0,1192201
1192202,1192202,ハウステンボス,,,11922,42,859-3236,佐世保市南風崎町,129.796458,33.091923,,,0,1192202
1192203,1192203,南風崎,,,11922,42,859-3236,佐世保市南風崎町小島郷,129.801110,33.086984,,,0,1192203
1192204,1192204,小串郷,,,11922,42,859-3618,東彼杵郡川棚町小串郷,129.834347,33.063779,,,0,1192204
1192205,1192205,川棚,,,11922,42,859-3605,東彼杵郡川棚町百津郷,129.864112,33.068368,,,0,1192205
1192206,1192206,彼杵,,,11922,42,859-3808,東彼杵郡東彼杵町蔵本郷,129.914541,33.039875,,,0,1192206
1192207,1192207,千綿,,,11922,42,859-3928,東彼杵郡東彼杵町平似田郷,129.945573,33.013107,,,0,1192207
1192208,1192208,松原,,,11922,42,856-0009,大村市松原本町,129.946190,32.977380,,,0,1192208
1192209,1192209,竹松,,,11922,42,856-0805,大村市竹松本町,129.953035,32.939959,,,0,1192209
1192210,1192210,諏訪,,,11922,42,856-0024,大村市諏訪,129.960277,32.923627,,,0,1192210
1192211,1192211,大村,,,11922,42,856-0831,大村市東本町,129.962238,32.911439,,,0,1192211
1192212,1192212,岩松,,,11922,42,856-0044,大村市岩松町郷,129.981218,32.890513,,,0,1192212
1192213,1190527,諫早,,,11922,42,854-0072,諫早市永昌町,130.041596,32.851018,,,0,1192213
1192301,1190341,熊本,,,11923,43,860-0047,熊本市春日３丁目,130.688499,32.789207,,,0,1192301
1192302,1192302,平成,,,11923,43,860-0833,熊本市平成２丁目,130.703539,32.781569,,,0,1192302
1192303,1192303,南熊本,,,11923,43,860-0812,熊本市南熊本３丁目,130.711577,32.785159,,,0,1192303
1192304,1192304,新水前寺,,,11923,43,862-0959,熊本市白山２丁目,130.725901,32.793363,,,0,1192304
1192305,1192305,水前寺,,,11923,43,862-0950,熊本市水前寺１丁目,130.729823,32.796962,,,0,1192305
1192306,1192306,東海学園前,,,11923,43,862-0970,熊本市東区渡鹿九丁目1-1-1,130.742684,32.811267,,,0,1192306
1192307,1192307,竜田口,,,11923,43,860-0862,熊本市黒髪７丁目,130.746933,32.820455,,,0,1192307
1192308,1192308,武蔵塚,,,11923,43,861-8002,熊本市龍田町大字弓削平ノ上,130.770240,32.850008,,,0,1192308
1192309,1192309,光の森,,,11923,43,861-8001,熊本市武蔵ケ丘９丁目,130.786722,32.857834,,,0,1192309
1192310,1192310,三里木,,,11923,43,869-1101,菊池郡菊陽町津久礼,130.796321,32.861634,,,0,1192310
1192311,1192311,原水,,,11923,43,869-1102,菊池郡菊陽町原水字馬場,130.829029,32.870625,,,0,1192311
1192312,1192312,肥後大津,,,11923,43,869-1235,菊池郡大津町室,130.866218,32.877512,,,0,1192312
1192313,1192313,瀬田,,,11923,43,869-1219,菊池郡大津町大林,130.914044,32.872567,,,0,1192313
1192314,1192314,立野,,,11923,43,869-1401,阿蘇郡南阿蘇村立野,130.965403,32.877570,,,0,1192314
1192315,1192315,赤水,,,11923,43,869-2232,阿蘇市赤水,130.992900,32.913261,,,0,1192315
1192316,1192316,市ノ川,,,11923,43,869-2237,阿蘇市的石,131.007590,32.928048,,,0,1192316
1192317,1192317,内牧,,,11923,43,869-2226,阿蘇市乙姫,131.043648,32.942136,,,0,1192317
1192318,1192318,阿蘇,,,11923,43,869-2225,阿蘇市黒川,131.079959,32.937393,,,0,1192318
1192319,1192319,いこいの村,,,11923,43,869-2224,阿蘇市蔵原,131.094666,32.936590,,,0,1192319
1192320,1192320,宮地,,,11923,43,869-2612,阿蘇市一の宮町宮地,131.117476,32.937305,,,0,1192320
1192321,1192321,波野,,,11923,43,869-2806,阿蘇市波野大字波野,131.195298,32.938562,,,0,1192321
1192322,1192322,滝水,,,11923,43,869-2804,阿蘇市波野大字滝水,131.242630,32.933342,,,0,1192322
1192323,1192323,豊後荻,,,11923,44,879-6115,竹田市荻町馬場,131.297657,32.926889,,,0,1192323
1192324,1192324,玉来,,,11923,44,878-0035,竹田市大字吉田,131.376369,32.947847,,,0,1192324
1192325,1192325,豊後竹田,,,11923,44,878-0011,竹田市大字会々字下木,131.389814,32.970906,,,0,1192325
1192326,1192326,朝地,,,11923,44,879-6221,豊後大野市朝地町坪泉,131.432305,33.004356,,,0,1192326
1192327,1192327,緒方,,,11923,44,879-6601,豊後大野市緒方町馬場,131.476678,32.971255,,,0,1192327
1192328,1192328,豊後清川,,,11923,44,879-6902,豊後大野市清川町雨堤,131.523558,32.972974,,,0,1192328
1192329,1192329,三重町,,,11923,44,879-7111,豊後大野市三重町赤嶺,131.584389,32.983616,,,0,1192329
1192330,1192330,菅尾,,,11923,44,879-7102,豊後大野市三重町菅生,131.616716,33.014328,,,0,1192330
1192331,1192331,犬飼,,,11923,44,879-7306,豊後大野市犬飼町下津尾,131.636670,33.078158,,,0,1192331
1192332,1192332,竹中,,,11923,44,879-7502,大分市大字端登,131.649557,33.121529,,,0,1192332
1192333,1192333,中判田,,,11923,44,870-1113,大分市中判田,131.638735,33.164564,,,0,1192333
1192334,1192334,大分大学前,,,11923,44,870-1124,大分市大字旦野原７００番地,131.618742,33.177131,,,0,1192334
1192335,1192335,敷戸,,,11923,44,870-1121,大分市鴛野１０１０,131.615128,33.188110,,,0,1192335
1192336,1192336,滝尾,,,11923,44,870-0945,大分市大字津守,131.623110,33.209495,,,0,1192336
1192337,1190643,大分,,,11923,44,870-0831,大分市要町,131.606595,33.232794,,,0,1192337
1192401,1190341,熊本,,,11924,43,860-0047,熊本市春日３丁目,130.688499,32.789207,,,0,1192401
1192402,1190342,川尻,,,11924,43,861-4113,熊本市八幡町,130.679907,32.743772,,,0,1192402
1192412,1190350,富合,,,11924,43,861-4163,熊本県熊本市南区富合町志々水63-6,130.672808,32.713658,2011-03-22,,0,1192402
1192403,1190343,宇土,,,11924,43,869-0406,宇土市三拾町,130.669148,32.694237,,,0,1192403
1192404,1192404,緑川,,,11924,43,869-0463,宇土市野鶴町岩崎,130.631339,32.694006,,,0,1192404
1192405,1192405,住吉,,,11924,43,869-0401,宇土市住吉町,130.597963,32.702066,,,0,1192405
1192406,1192406,肥後長浜,,,11924,43,869-3171,宇土市長浜町,130.560302,32.690694,,,0,1192406
1192407,1192407,網田,,,11924,43,869-3173,宇土市下網田町,130.547004,32.667493,,,0,1192407
1192408,1192408,赤瀬,,,11924,43,869-3175,宇土市赤瀬町,130.510167,32.653252,,,0,1192408
1192409,1192409,石打ダム,,,11924,43,869-3204,宇城市三角町中村,130.507013,32.642653,,,0,1192409
1192410,1192410,波多浦,,,11924,43,869-3205,宇城市三角町波多,130.488117,32.615524,,,0,1192410
1192411,1192411,三角,,,11924,43,869-3207,宇城市三角町三角浦,130.469872,32.607616,,,0,1192411
1192501,1190349,八代,,,11925,43,866-0831,八代市萩原町１丁目,130.621609,32.503805,,,0,1192501
1192502,1192502,段,,,11925,43,869-6101,八代市坂本町西部,130.645736,32.468101,,,0,1192502
1192503,1192503,坂本,,,11925,43,869-6105,八代市坂本町坂本,130.657898,32.435149,,,0,1192503
1192504,1192504,葉木,,,11925,43,869-6111,八代市坂本町葉木,130.645444,32.410293,,,0,1192504
1192505,1192505,鎌瀬,,,11925,43,869-6112,八代市坂本町鎌瀬,130.654580,32.391092,,,0,1192505
1192506,1192506,瀬戸石,,,11925,43,869-5221,八代市坂本町川嶽,130.646004,32.371474,,,0,1192506
1192507,1192507,海路,,,11925,43,869-6216,葦北郡芦北町海路,130.619280,32.349407,,,0,1192507
1192508,1192508,吉尾,,,11925,43,869-5400,葦北郡芦北町上蔀,130.600352,32.330958,,,0,1192508
1192509,1192509,白石,,,11925,43,869-6302,葦北郡芦北町白石,130.608328,32.305694,,,0,1192509
1192510,1192510,球泉洞,,,11925,43,869-6400,球磨郡球磨村大坂間,130.608191,32.267817,,,0,1192510
1192511,1192511,一勝地,,,11925,43,869-6403,球磨郡球磨村大字一勝地,130.652399,32.250231,,,0,1192511
1192512,1192512,那良口,,,11925,43,869-6402,球磨郡球磨村大字三ケ浦,130.667479,32.243732,,,0,1192512
1192513,1192513,渡,,,11925,43,869-6401,球磨郡球磨村渡島田入枝,130.694801,32.236631,,,0,1192513
1192514,1192514,西人吉,,,11925,43,868-0086,人吉市下原田町,130.725707,32.228410,,,0,1192514
1192515,1192515,人吉,,,11925,43,868-0008,人吉市中青井町,130.753797,32.216142,,,0,1192515
1192516,1192516,大畑,,,11925,43,868-0811,人吉市大畑麓町,130.787722,32.164930,,,0,1192516
1192517,1192517,矢岳,,,11925,43,868-0813,人吉市矢岳町,130.769799,32.104278,,,0,1192517
1192518,1192518,真幸,,,11925,45,889-4162,えびの市内竪,130.729140,32.074544,,,0,1192518
1192519,1192519,吉松,,,11925,46,899-6104,姶良郡湧水町川西,130.738104,32.012026,,,0,1192519
1192601,1192519,吉松,,,11926,46,899-6104,姶良郡湧水町川西,130.738104,32.012026,,,0,1192601
1192602,1192602,栗野,,,11926,46,899-6201,姶良郡湧水町木場,130.723663,31.950575,,,0,1192602
1192603,1192603,大隅横川,,,11926,46,899-6303,霧島市横川町中ノ,130.702825,31.906487,,,0,1192603
1192604,1192604,植村,,,11926,46,899-6303,霧島市横川町中ノ,130.724065,31.890175,,,0,1192604
1192605,1192605,霧島温泉,,,11926,46,899-6507,霧島市牧園町宿窪田,130.734329,31.868150,,,0,1192605
1192606,1192606,嘉例川,,,11926,46,899-5113,霧島市隼人町嘉例川,130.723021,31.826939,,,0,1192606
1192607,1192607,中福良,,,11926,46,899-5113,霧島市隼人町嘉例川,130.733174,31.813818,,,0,1192607
1192608,1192608,表木山,,,11926,46,899-5113,霧島市隼人町嘉例川,130.745324,31.796176,,,0,1192608
1192609,1192609,日当山,,,11926,46,899-5116,霧島市隼人町内,130.749836,31.763402,,,0,1192609
1192610,1190748,隼人,,,11926,46,899-5117,霧島市隼人町見次,130.740316,31.743893,,,0,1192610
1192701,1190729,宮崎,,,11927,45,880-0811,宮崎市錦町,131.431975,31.915742,,,0,1192701
1192702,1190730,南宮崎,,,11927,45,880-0901,宮崎市東大淀２丁目,131.422329,31.895097,,,0,1192702
1192703,1192703,田吉,,,11927,45,880-0911,宮崎市田吉字赤江３１０-２,131.430697,31.878202,,,0,1192703
1192704,1192704,宮崎空港,,,11927,45,880-0912,宮崎市赤江字飛江田無番地,131.440555,31.872510,,,0,1192704
1192801,1190729,宮崎,,,11928,45,880-0811,宮崎市錦町,131.431975,31.915742,,,0,1192801
1192802,1190730,南宮崎,,,11928,45,880-0901,宮崎市東大淀２丁目,131.422329,31.895097,,,0,1192802
1192803,1192703,田吉,,,11928,45,880-0911,宮崎市田吉字赤江３１０-２,131.430697,31.878202,,,0,1192803
1192804,1192804,南方,,,11928,45,880-0921,宮崎市大字本郷南方,131.434378,31.859592,,,0,1192804
1192805,1192805,木花,,,11928,45,889-2151,宮崎市大字熊野,131.436790,31.831544,,,0,1192805
1192806,1192806,運動公園,,,11928,45,889-2151,宮崎市大字熊野,131.442629,31.819678,,,0,1192806
1192807,1192807,曽山寺,,,11928,45,889-2161,宮崎市大字加江田,131.448309,31.813401,,,0,1192807
1192808,1192808,子供の国,,,11928,45,889-2161,宮崎市大字加江田,131.457005,31.807394,,,0,1192808
1192809,1192809,青島,,,11928,45,889-2162,宮崎市青島２丁目,131.467121,31.799801,,,0,1192809
1192810,1192810,折生迫,,,11928,45,889-2164,宮崎市大字折生迫,131.467477,31.789357,,,0,1192810
1192811,1192811,内海,,,11928,45,889-2301,宮崎市大字内海,131.467420,31.758508,,,0,1192811
1192812,1192812,小内海,,,11928,45,889-2301,宮崎市大字内海,131.466127,31.737838,,,0,1192812
1192813,1192813,伊比井,,,11928,45,889-2311,日南市大字伊比井,131.456159,31.711069,,,0,1192813
1192814,1192814,北郷,,,11928,45,889-2402,宮崎県日南市北郷町郷之原2099,131.373565,31.678267,,,0,1192814
1192815,1192815,内之田,,,11928,45,889-2401,宮崎県日南市北郷町大藤2527,131.372594,31.642551,,,0,1192815
1192816,1192816,飫肥,,,11928,45,889-2533,日南市大字星倉,131.361506,31.627216,,,0,1192816
1192817,1192817,日南,,,11928,45,887-0021,日南市中央通り１丁目,131.381267,31.603076,,,0,1192817
1192818,1192818,油津,,,11928,45,887-0014,日南市岩崎２丁目,131.396169,31.586883,,,0,1192818
1192819,1192819,大堂津,,,11928,45,889-3143,日南市大字下方,131.382093,31.556897,,,0,1192819
1192820,1192820,南郷,,,11928,45,889-3204,宮崎県日南市南郷町中村乙1866-2,131.372157,31.535927,,,0,1192820
1192821,1192821,谷之口,,,11928,45,889-3203,宮崎県日南市南郷町谷之口,131.344615,31.533372,,,0,1192821
1192822,1192822,榎原,,,11928,45,889-3214,宮崎県日南市南郷町榎原114,131.306526,31.534688,,,0,1192822
1192823,1192823,日向大束,,,11928,45,889-3531,串間市大字奈留,131.248745,31.510584,,,0,1192823
1192824,1192824,日向北方,,,11928,45,888-0004,串間市大字串間,131.243180,31.483037,,,0,1192824
1192825,1192825,串間,,,11928,45,888-0001,串間市大字西方,131.230448,31.462684,,,0,1192825
1192826,1192826,福島今町,,,11928,45,888-0001,串間市大字西方,131.203330,31.456906,,,0,1192826
1192827,1192827,福島高松,,,11928,45,888-0002,串間市大字高松,131.178301,31.458619,,,0,1192827
1192828,1192828,大隅夏井,,,11928,46,899-7101,志布志市志布志町夏井,131.136449,31.469801,,,0,1192828
1192829,1192829,志布志,,,11928,46,899-7103,志布志市志布志町志布志,131.097864,31.472850,,,0,1192829
1192901,1190739,都城,,,11929,45,885-0023,都城市栄町,131.073992,31.736570,,,0,1192901
1192902,1192902,日向庄内,,,11929,45,885-0112,都城市乙房町,131.061560,31.762056,,,0,1192902
1192903,1192903,谷頭,,,11929,45,889-4602,都城市山田町中霧島,131.053901,31.789348,,,0,1192903
1192904,1192904,万ケ塚,,,11929,45,885-1105,宮崎県都城市丸谷町,131.063991,31.817215,,,0,1192904
1192905,1192905,東高崎,,,11929,45,889-4504,都城市高崎町東霧島,131.064998,31.840946,,,0,1192905
1192906,1192906,高崎新田,,,11929,45,889-4505,都城市高崎町大牟田,131.062669,31.875693,,,0,1192906
1192907,1192907,日向前田,,,11929,45,889-4506,都城市高崎町前田,131.040386,31.908605,,,0,1192907
1192908,1192908,高原,,,11929,45,889-4412,西諸県郡高原町大字西麓,130.999012,31.926899,,,0,1192908
1192909,1192909,広原,,,11929,45,889-4411,西諸県郡高原町大字広原,130.984877,31.957766,,,0,1192909
1192910,1192910,小林,,,11929,45,886-0004,小林市大字細野,130.976132,31.990749,,,0,1192910
1192911,1192911,西小林,,,11929,45,886-0006,小林市北西方,130.921829,32.009409,,,0,1192911
1192912,1192912,えびの飯野,,,11929,45,889-4301,えびの市大字原田,130.871178,32.030295,,,0,1192912
1192913,1192913,えびの上江,,,11929,45,889-4304,えびの市大字上江,130.850133,32.035519,,,0,1192913
1192914,1192914,えびの,,,11929,45,889-4221,えびの市大字栗下,130.816210,32.042242,,,0,1192914
1192915,1192915,京町温泉,,,11929,45,889-4151,えびの市大字向江,130.767911,32.045379,,,0,1192915
1192916,1192916,鶴丸,,,11929,46,899-6101,姶良郡湧水町鶴丸,130.748524,32.030394,,,0,1192916
1192917,1192519,吉松,,,11929,46,899-6104,姶良郡湧水町川西,130.738104,32.012026,,,0,1192917
1193001,1190411,鹿児島中央,,,11930,46,890-0053,鹿児島市中央町,130.541789,31.583727,,,0,1193001
1193002,1193002,郡元,,,11930,46,890-0081,鹿児島県鹿児島市唐湊4丁目17,130.541976,31.565607,,,0,1193002
1193003,1193003,南鹿児島,,,11930,46,890-0069,鹿児島市南郡元町,130.543714,31.554786,,,0,1193003
1193004,1193004,宇宿,,,11930,46,890-0073,鹿児島市宇宿３丁目,130.536458,31.544234,,,0,1193004
1193005,1193005,谷山,,,11930,46,891-0141,鹿児島県鹿児島市谷山中央1丁目4127,130.518860,31.527094,,,0,1193005
1193006,1193006,慈眼寺,,,11930,46,891-0144,鹿児島市下福元町,130.506212,31.517286,,,0,1193006
1193007,1193007,坂之上,,,11930,46,891-0144,鹿児島市下福元町,130.507801,31.500454,,,0,1193007
1193008,1193008,五位野,,,11930,46,891-0133,鹿児島市平川町,130.504096,31.475201,,,0,1193008
1193009,1193009,平川,,,11930,46,891-0133,鹿児島市平川町,130.513670,31.450132,,,0,1193009
1193010,1193010,瀬々串,,,11930,46,891-0201,鹿児島市喜入瀬々串町,130.522894,31.421839,,,0,1193010
1193011,1193011,中名,,,11930,46,891-0202,鹿児島市喜入中名町,130.535086,31.393591,,,0,1193011
1193012,1193012,喜入,,,11930,46,891-0203,鹿児島市喜入町７１０８,130.538867,31.371468,,,0,1193012
1193013,1193013,前之浜,,,11930,46,891-0205,鹿児島市喜入前之浜町,130.556995,31.343433,,,0,1193013
1193014,1193014,生見,,,11930,46,891-0206,鹿児島市喜入生見町,130.577878,31.307292,,,0,1193014
1193015,1193015,薩摩今和泉,,,11930,46,891-0315,指宿市岩本,130.599002,31.290680,,,0,1193015
1193016,1193016,宮ケ浜,,,11930,46,891-0311,鹿児島県指宿市西方4672番地,130.619807,31.277218,,,0,1193016
1193017,1193017,二月田,,,11930,46,891-0402,指宿市十町,130.630082,31.254339,,,0,1193017
1193018,1193018,指宿,,,11930,46,891-0405,指宿市湊１丁目,130.642637,31.236925,,,0,1193018
1193019,1193019,山川,,,11930,46,891-0516,指宿市山川成川,130.630127,31.211702,,,0,1193019
1193020,1193020,大山,,,11930,46,891-0614,指宿市山川大山（その他）,130.599200,31.195011,,,0,1193020
1193021,1193021,西大山,,,11930,46,891-0614,指宿市山川大山（その他）,130.576210,31.190269,,,0,1193021
1193022,1193022,薩摩川尻,,,11930,46,891-0603,指宿市開聞十町,130.565385,31.194791,,,0,1193022
1193023,1193023,東開聞,,,11930,46,891-0603,指宿市開聞十町,130.549897,31.200924,,,0,1193023
1193024,1193024,開聞,,,11930,46,891-0603,指宿市開聞十町,130.534737,31.203932,,,0,1193024
1193025,1193025,入野,,,11930,46,891-0603,指宿市開聞十町,130.518788,31.204293,,,0,1193025
1193026,1193026,頴娃,,,11930,46,891-0701,南九州市頴娃町郡,130.500378,31.229085,,,0,1193026
1193027,1193027,西頴娃,,,11930,46,891-0702,南九州市頴娃町牧之内,130.491351,31.241025,,,0,1193027
1193028,1193028,御領,,,11930,46,891-0703,南九州市頴娃町御領,130.468747,31.252032,,,0,1193028
1193029,1193029,石垣,,,11930,46,891-0704,南九州市頴娃町別府,130.445227,31.259228,,,0,1193029
1193030,1193030,水成川,,,11930,46,891-0704,南九州市頴娃町別府,130.430695,31.257145,,,0,1193030
1193031,1193031,頴娃大川,,,11930,46,891-0701,南九州市頴娃町郡,130.413394,31.257875,,,0,1193031
1193032,1193032,松ケ浦,,,11930,46,891-0912,鹿児島県南九州市知覧町南別府小山25067,130.394551,31.258843,,,0,1193032
1193033,1193033,薩摩塩屋,,,11930,46,891-0911,南九州市知覧町塩屋,130.376128,31.257132,,,0,1193033
1193034,1193034,白沢,,,11930,46,898-0032,枕崎市別府,130.356352,31.256898,,,0,1193034
1193035,1193035,薩摩板敷,,,11930,46,898-0032,枕崎市別府,130.330993,31.262313,,,0,1193035
1193036,1193036,枕崎,,,11930,46,898-0014,枕崎市東本町,130.299439,31.27215,,,0,1193036
9990101,1190313,基山,,,99901,41,841-0201,三養基郡基山町大字小倉,130.532537,33.420815,,,0,9990101
9990102,9990102,立野,,,99901,41,841-0202,三養基郡基山町長野字立野,130.539573,33.412412,,,0,9990102
9990103,3600120,小郡,,,99901,40,838-0141,小郡市大字小郡字前伏,130.552994,33.397555,,,0,9990103
9990104,9990104,大板井,,,99901,40,838-0142,小郡市大板井字屋敷,130.560727,33.398452,,,0,9990104
9990105,9990105,松崎,,,99901,40,838-0122,小郡市大字松崎上岩田字大添,130.582047,33.399654,,,0,9990105
9990106,9990106,今隈,,,99901,40,838-0113,小郡市山隈１２６-２,130.594426,33.404237,,,0,9990106
9990107,9990107,西太刀洗,,,99901,40,830-1221,三井郡大刀洗町大字高樋字西奥野,130.599153,33.407740,,,0,9990107
9990108,9990108,山隈,,,99901,40,838-0823,朝倉郡筑前町山隈,130.609964,33.414076,,,0,9990108
9990109,9990109,太刀洗,,,99901,40,838-0814,朝倉郡筑前町高田,130.618768,33.413868,,,0,9990109
9990110,9990110,高田,,,99901,40,838-0814,朝倉郡筑前町高田,130.634020,33.414218,,,0,9990110
9990111,3600312,甘木,,,99901,40,838-0068,朝倉市甘木字竹原１６７８-２,130.653325,33.419295,,,0,9990111
9990201,1191108,直方,,,99902,40,822-0034,直方市大字山部,130.725015,33.747461,,,0,9990201
9990202,9990202,南直方御殿口,,,99902,40,822-0016,直方市大字直方１８３-２,130.724903,33.738729,,,0,9990202
9990203,9990203,あかぢ,,,99902,40,820-1102,鞍手郡小竹町大字赤地,130.724550,33.727366,,,0,9990203
9990204,9990204,藤棚,,,99902,40,822-0007,直方市大字下境,130.735291,33.722017,,,0,9990204
9990205,9990205,中泉,,,99902,40,822-0011,直方市大字中泉,130.742871,33.720992,,,0,9990205
9990206,9990206,市場,,,99902,40,822-1103,田川郡福智町市場,130.759328,33.708074,,,0,9990206
9990207,9990207,ふれあい生力,,,99902,40,822-1101,田川郡福智町赤池,130.765567,33.700112,,,0,9990207
9990208,9990208,赤池,,,99902,40,822-1101,田川郡福智町赤池,130.768675,33.692060,,,0,9990208
9990209,9990209,人見,,,99902,40,822-1201,田川郡福智町金田,130.771105,33.687316,,,0,9990209
9990210,9990210,金田,,,99902,40,822-1201,田川郡福智町金田,130.776491,33.682805,,,0,9990210
9990211,9990211,上金田,,,99902,40,822-1201,田川郡福智町金田,130.789172,33.672435,,,0,9990211
9990212,9990212,糒,,,99902,40,825-0005,田川市大字糒,130.799177,33.664744,,,0,9990212
9990213,9990213,田川市立病院,,,99902,40,825-0005,田川市大字糒１７２２-３,130.802697,33.660436,,,0,9990213
9990214,9990214,下伊田,,,99902,40,825-0002,田川市伊田,130.807016,33.651965,,,0,9990214
9990215,1191413,田川伊田,,,99902,40,825-0002,田川市伊田,130.817688,33.642046,,,0,9990215
9990301,9990210,金田,,,99903,40,822-1201,田川郡福智町金田,130.776491,33.682805,,,0,9990301
9990302,9990302,豊前大熊,,,99903,40,822-1300,田川郡糸田町大字糸田,130.780387,33.672646,,,0,9990302
9990303,9990303,松山,,,99903,40,822-1300,田川郡糸田町糸田,130.780537,33.668496,,,0,9990303
9990304,9990304,糸田,,,99903,40,822-1300,田川郡糸田町大字糸田,130.785773,33.656481,,,0,9990304
9990305,9990305,大藪,,,99903,40,826-0042,田川市大字川宮,130.797642,33.647120,,,0,9990305
9990306,1191414,田川後藤寺,,,99903,40,826-0043,田川市奈良,130.800232,33.630294,,,0,9990306
9990401,1191413,田川伊田,,,99904,40,825-0002,田川市伊田,130.817688,33.642046,,,0,9990401
9990402,9990402,上伊田,,,99904,40,825-0002,田川市大字伊田１１９５-２,130.830170,33.648079,,,0,9990402
9990403,9990403,勾金,,,99904,40,822-1405,田川郡香春町大字中津原,130.841939,33.651568,,,0,9990403
9990404,9990404,柿下温泉口,,,99904,40,822-1404,田川郡香春町柿下,130.854116,33.651593,,,0,9990404
9990405,9990405,内田,,,99904,40,824-0432,田川郡赤村大字内田,130.864302,33.637367,,,0,9990405
9990406,9990406,赤,,,99904,40,824-0432,田川郡赤村大字内田,130.871827,33.617703,,,0,9990406
9990407,9990407,油須原,,,99904,40,824-0431,田川郡赤村大字赤,130.884384,33.612765,,,0,9990407
9990408,9990408,源じいの森,,,99904,40,824-0431,田川郡赤村赤,130.895972,33.616179,,,0,9990408
9990409,9990409,崎山,,,99904,40,824-0224,京都郡みやこ町犀川崎山,130.917903,33.636285,,,0,9990409
9990410,9990410,犀川,,,99904,40,824-0231,京都郡みやこ町犀川本庄,130.939337,33.650689,,,0,9990410
9990411,9990411,東犀川三四郎,,,99904,40,824-0203,京都郡みやこ町犀川続命院,130.948966,33.661385,,,0,9990411
9990412,9990412,新豊津,,,99904,40,824-0122,京都郡みやこ町彦徳,130.963987,33.679717,,,0,9990412
9990413,9990413,豊津,,,99904,40,824-0037,行橋市大字矢留,130.962984,33.687505,,,0,9990413
9990414,9990414,今川河童,,,99904,40,824-0043,行橋市大字流末,130.965517,33.702983,,,0,9990414
9990415,9990415,美夜古泉,,,99904,40,824-0000,行橋市大字福富,130.969052,33.709108,,,0,9990415
9990416,1190613,行橋,,,99904,40,824-0031,行橋市西宮市２丁目,130.970313,33.728350,,,0,9990416
9990501,9990501,福岡空港,,,99905,40,812-0003,福岡市博多区大字下臼井,130.448501,33.597180,,,0,9990501
9990502,9990502,東比恵,,,99905,40,812-0007,福岡市博多区東比恵２丁目,130.431280,33.589958,,,0,9990502
9990503,1190101,博多,,,99905,40,812-0012,福岡市博多区博多駅中央街,130.42085,33.590204,,,0,9990503
9990504,9990504,祇園,,,99905,40,812-0037,福岡市博多区御供所町,130.414614,33.594124,,,0,9990504
9990505,9990505,中洲川端,,,99905,40,812-0026,福岡市博多区上川端町,130.406418,33.594749,,,0,9990505
9990506,9990506,天神,,,99905,40,810-0001,福岡市中央区天神２丁目,130.399060,33.591346,,,0,9990506
9990507,9990507,赤坂,,,99905,40,810-0042,福岡市中央区赤坂１丁目,130.391005,33.589124,,,0,9990507
9990508,9990508,大濠公園,,,99905,40,810-0074,福岡市中央区大手門１丁目,130.378784,33.589957,,,0,9990508
9990509,9990509,唐人町,,,99905,40,810-0063,福岡市中央区唐人町１丁目,130.370451,33.590235,,,0,9990509
9990510,9990510,西新,,,99905,40,814-0002,福岡市早良区西新３丁目,130.359619,33.583846,,,0,9990510
9990511,9990511,藤崎,,,99905,40,814-0006,福岡市早良区百道２丁目,130.348231,33.581347,,,0,9990511
9990512,9990512,室見,,,99905,40,814-0015,福岡市早良区室見１丁目,130.340176,33.581069,,,0,9990512
9990513,1190901,姪浜,,,99905,40,819-0002,福岡市西区姪の浜４丁目,130.325210,33.583764,,,0,9990513
9990601,9990505,中洲川端,,,99906,40,812-0026,福岡市博多区上川端町,130.406418,33.594749,,,0,9990601
9990602,9990602,呉服町,,,99906,40,812-0024,福岡市博多区綱場町,130.409892,33.598290,,,0,9990602
9990603,9990603,千代県庁口,,,99906,40,812-0044,福岡市博多区千代４,130.414336,33.602456,,,0,9990603
9990604,9990604,馬出九大病院前,,,99906,40,812-0054,福岡市東区馬出２,130.419336,33.609400,,,0,9990604
9990605,9990605,箱崎宮前,,,99906,40,812-0054,福岡市東区馬出４,130.419613,33.615788,,,0,9990605
9990606,9990606,箱崎九大前,,,99906,40,812-0053,福岡市東区箱崎３,130.421002,33.622177,,,0,9990606
9990607,3600401,貝塚,,,99906,40,812-0053,福岡市東区箱崎７-１-２,130.425612,33.632906,,,0,9990607
9990701,9990701,橋本,,,99907,40,819-0031,福岡市西区橋本２丁目,130.321064,33.555205,,,0,9990701
9990702,9990702,次郎丸,,,99907,40,814-0165,福岡市早良区次郎丸,130.329538,33.552497,,,0,9990702
9990703,9990703,賀茂,,,99907,40,814-0164,福岡市早良区賀茂,130.337879,33.550480,,,0,9990703
9990704,9990704,野芥,,,99907,40,814-0171,福岡市早良区野芥,130.347007,33.548111,,,0,9990704
9990705,9990705,梅林,,,99907,40,814-0172,福岡市早良区梅林,130.354940,33.545806,,,0,9990705
9990706,9990706,福大前,,,99907,40,814-0133,福岡市城南区七隈,130.362228,33.547470,,,0,9990706
9990707,9990707,七隈,,,99907,40,814-0133,福岡市城南区七隈,130.361628,33.552819,,,0,9990707
9990708,9990708,金山,,,99907,40,814-0114,福岡市城南区金山団地,130.361561,33.559371,,,0,9990708
9990709,9990709,茶山,,,99907,40,814-0111,福岡市城南区茶山,130.365430,33.566065,,,0,9990709
9990710,9990710,別府,,,99907,40,814-0104,福岡市城南区別府,130.369629,33.574170,,,0,9990710
9990711,9990711,六本松,,,99907,40,810-0044,福岡市中央区六本松,130.377287,33.577678,,,0,9990711
9990712,9990712,桜坂,,,99907,40,810-0024,福岡市中央区桜坂,130.386819,33.577292,,,0,9990712
9990713,9990713,薬院大通,,,99907,40,810-0022,福岡市中央区薬院,130.396158,33.580406,,,0,9990713
9990714,3600102,薬院,,,99907,40,810-0004,福岡市中央区渡辺通２-６-１,130.401878,33.581747,,,0,9990714
9990715,9990715,渡辺通,,,99907,40,810-0004,福岡市中央区渡辺通,130.404843,33.583969,,,0,9990715
9990716,9990716,天神南,,,99907,40,810-0004,福岡市中央区渡辺通,130.401727,33.588197,,,0,9990716
9990801,1190205,小倉,,,99908,40,802-0001,北九州市小倉北区浅野１丁目,130.882141,33.886740,,,0,9990801
9990802,9990802,平和通,,,99908,40,802-0006,北九州市小倉北区魚町２,130.881246,33.883159,,,0,9990802
9990803,9990803,旦過,,,99908,40,802-0006,北九州市小倉北区魚町４,130.880194,33.880623,,,0,9990803
9990804,9990804,香春口三萩野,,,99908,40,802-0084,北九州市小倉北区香春口１,130.880563,33.873174,,,0,9990804
9990805,9990805,片野,,,99908,40,802-0072,北九州市小倉北区東篠崎１,130.880039,33.865511,,,0,9990805
9990806,9990806,城野,,,99908,40,802-0801,北九州市小倉南区富士見三丁目,130.879601,33.858398,,,0,9990806
9990807,9990807,北方,,,99908,40,802-0841,北九州市小倉南区北方３,130.878039,33.849080,,,0,9990807
9990808,9990808,競馬場前,,,99908,40,802-0841,北九州市小倉南区北方４,130.876526,33.842878,,,0,9990808
9990809,9990809,守恒,,,99908,40,802-0971,北九州市小倉南区守恒本町１,130.872870,33.836648,,,0,9990809
9990810,9990810,徳力公団前,,,99908,40,802-0974,北九州市小倉南区徳力１,130.867554,33.830421,,,0,9990810
9990811,9990811,徳力嵐山口,,,99908,40,802-0974,北九州市小倉南区徳力６,130.863694,33.824744,,,0,9990811
9990812,9990812,志井,,,99908,40,802-0985,北九州市小倉南区大字志井,130.871345,33.822556,,,0,9990812
9990813,9990813,企救丘,,,99908,40,802-0981,北九州市小倉南区企救丘２,130.877532,33.819708,,,0,9990813
9990901,1190212,黒崎駅前,,,99909,40,806-0021,北九州市八幡西区黒崎３-５７-３,130.765459,33.866440,,,0,9990901
9990902,9990902,西黒崎,,,99909,40,806-0021,北九州市八幡西区黒崎３-１４６,130.761418,33.866309,,,0,9990902
9990903,9990903,熊西,,,99909,40,806-0031,北九州市八幡西区熊西１-２８-１,130.757902,33.866101,,,0,9990903
9990904,9990904,萩原,,,99909,40,806-0059,北九州市八幡西区萩原１-１０-５,130.749186,33.861173,,,0,9990904
9990905,9990905,穴生,,,99909,40,806-0049,北九州市八幡西区穴生１-８１,130.744942,33.857352,,,0,9990905
9990906,9990906,森下,,,99909,40,806-0046,北九州市八幡西区森下町１３,130.741092,33.853885,,,0,9990906
9990907,9990907,今池,,,99909,40,807-0846,北九州市八幡西区里中２-１４６８-１３,130.739582,33.845258,,,0,9990907
9990908,9990908,永犬丸,,,99909,40,807-0846,北九州市八幡西区里中２-１-１,130.738071,33.838865,,,0,9990908
9990909,9990909,三ヶ森,,,99909,40,807-0843,福岡県北九州市八幡西区三ヶ森一丁目,130.735982,33.834776,,,0,9990909
9990910,9990910,西山,,,99909,40,807-0844,北九州市八幡西区春日台５-７９２-２,130.732274,33.829393,,,0,9990910
9990911,9990911,通谷,,,99909,40,809-0015,中間市太賀１-２-１,130.726978,33.822994,,,0,9990911
9990912,9990912,東中間,,,99909,40,809-0034,中間市大字中間字外扇２６０９-１,130.721317,33.820019,,,0,9990912
9990913,9990913,筑豊中間,,,99909,40,809-0034,中間市大字中間字小松ケ浦３３７２-３,130.716562,33.816647,,,0,9990913
9990914,9990914,希望が丘高校前,,,99909,40,809-0033,福岡県中間市土手ノ内二丁目,130.711510,33.808681,,,0,9990914
9990915,9990915,筑豊香月,,,99909,40,807-1152,北九州市八幡西区高江２-２４９１-２,130.719099,33.799502,,,0,9990915
9990916,9990916,楠橋,,,99909,40,807-1146,北九州市八幡西区楠橋下方３-１９８５-３,130.724523,33.789259,,,0,9990916
9990917,9990917,新木屋瀬,,,99909,40,807-1261,北九州市八幡西区木屋瀬１-４６６-３,130.724493,33.783468,,,0,9990917
9990918,9990918,木屋瀬,,,99909,40,807-1261,北九州市八幡西区木屋瀬５-２１０-１,130.724957,33.778483,,,0,9990918
9990919,9990919,遠賀野,,,99909,40,822-0001,直方市大字感田字若柳２２１１-２,130.730959,33.768628,,,0,9990919
9990920,9990920,感田,,,99909,40,822-0001,直方市大字感田字渕尻２９７１-２,130.733137,33.758799,,,0,9990920
9990921,9990921,筑豊直方,,,99909,40,822-0022,直方市知古１-１-５,130.726299,33.753499,,,0,9990921
9991001,1191809,有田,,,99910,41,844-0000,西松浦郡有田町中部本町,129.881787,33.183779,,,0,9991001
9991002,9991002,三代橋,,,99910,41,844-0027,西松浦郡有田町南原甲,129.866336,33.188949,,,0,9991002
9991003,9991003,黒川,,,99910,41,849-4165,西松浦郡有田町黒川甲,129.855420,33.195093,,,0,9991003
9991004,9991004,蔵宿,,,99910,41,849-4164,西松浦郡有田町仏ノ原丙,129.850559,33.201898,,,0,9991004
9991005,9991005,西有田,,,99910,41,849-4153,西松浦郡有田町立部乙,129.850200,33.208839,,,0,9991005
9991006,9991006,大木,,,99910,41,849-4154,西松浦郡有田町大木宿字永野乙,129.850119,33.221615,,,0,9991006
9991007,9991007,山谷,,,99910,41,849-4143,西松浦郡有田町下山谷字鈴芽乙,129.849353,33.229300,,,0,9991007
9991008,9991008,夫婦石,,,99910,41,849-4141,西松浦郡有田町二ノ瀬字開田甲,129.850502,33.236927,,,0,9991008
9991009,9991009,金武,,,99910,41,848-0033,伊万里市二里町中里乙１１３８-３,129.854519,33.251856,,,0,9991009
9991010,9991010,川東,,,99910,41,848-0032,伊万里市二里町大里甲,129.863812,33.267329,,,0,9991010
9991011,1192014,伊万里,,,99910,41,848-0041,伊万里市新天町,129.876344,33.271862,,,0,9991011
9991101,1192014,伊万里,,,99911,41,848-0041,伊万里市新天町,129.876344,33.271862,,,0,9991101
9991102,9991102,東山代,,,99911,41,849-4271,伊万里市東山代町長浜,129.846041,33.277964,,,0,9991102
9991103,9991103,里,,,99911,41,848-0000,伊万里市東山代町五反間,129.835906,33.284513,,,0,9991103
9991104,9991104,楠久,,,99911,41,849-4252,伊万里市山代町楠久津,129.826696,33.291426,,,0,9991104
9991105,9991105,鳴石,,,99911,41,849-4253,伊万里市山代町峰,129.816699,33.299447,,,0,9991105
9991106,9991106,久原,,,99911,41,849-4256,伊万里市山代町久原,129.811763,33.313973,,,0,9991106
9991107,9991107,波瀬,,,99911,41,849-4256,伊万里市山代町久原,129.807296,33.323013,,,0,9991107
9991108,9991108,浦ノ崎,,,99911,41,849-4261,伊万里市山代町立岩,129.792524,33.335287,,,0,9991108
9991109,9991109,福島口,,,99911,41,849-4261,伊万里市山代町立岩,129.790271,33.338083,,,0,9991109
9991110,9991110,今福,,,99911,42,859-4522,松浦市今福町東免,129.771909,33.348357,,,0,9991110
9991111,9991111,鷹島口,,,99911,42,859-4527,松浦市今福町仏坂免,129.761685,33.353784,,,0,9991111
9991112,9991112,前浜,,,99911,42,859-4531,松浦市調川町平尾免,129.736192,33.358819,,,0,9991112
9991113,9991113,調川,,,99911,42,859-4536,松浦市調川町下免,129.727507,33.352223,,,0,9991113
9991114,9991114,松浦,,,99911,42,859-4501,松浦市志佐町浦免,129.707906,33.344273,,,0,9991114
9991115,9991115,松浦発電所前,,,99911,42,859-4506,松浦市志佐町白浜免,129.686070,33.347361,,,0,9991115
9991116,9991116,御厨,,,99911,42,859-4752,松浦市御厨町里免,129.662502,33.365947,,,0,9991116
9991117,9991117,西木場,,,99911,42,859-4765,松浦市御厨町米ノ山免,129.638657,33.355798,,,0,9991117
9991118,9991118,東田平,,,99911,42,859-4803,平戸市田平町小崎免,129.623147,33.357706,,,0,9991118
9991119,9991119,中田平,,,99911,42,859-4806,平戸市田平町下亀免,129.611040,33.355647,,,0,9991119
9991120,9991120,たびら平戸口,,,99911,42,859-4825,平戸市田平町山内免,129.582595,33.362532,,,0,9991120
9991121,9991121,西田平,,,99911,42,859-4823,平戸市田平町荻田免,129.590475,33.345140,,,0,9991121
9991122,9991122,すえたちばな,,,99911,42,859-6104,長崎県佐世保市江迎町末橘,129.613788,33.316738,,,0,9991122
9991123,9991123,江迎鹿町,,,99911,42,859-6143,長崎県佐世保市鹿町町深江,129.627081,33.306809,,,0,9991123
9991124,9991124,高岩,,,99911,42,859-6124,長崎県佐世保市江迎町小川内,129.637230,33.297507,,,0,9991124
9991125,9991125,いのつき,,,99911,42,859-6133,長崎県佐世保市江迎町猪調,129.667286,33.282623,,,0,9991125
9991126,9991126,潜竜ヶ滝,,,99911,42,859-6134,長崎県佐世保市江迎町田ノ元,129.683509,33.280808,,,0,9991126
9991127,9991127,吉井,,,99911,42,859-6325,佐世保市吉井町大渡,129.685271,33.266395,,,0,9991127
9991128,9991128,神田,,,99911,42,857-0335,北松浦郡佐々町皆瀬免,129.671059,33.261198,,,0,9991128
9991129,9991129,清峰高校前,,,99911,42,857-0333,北松浦郡佐々町中川原免,129.656536,33.247775,,,0,9991129
9991130,9991130,佐々,,,99911,42,857-0311,北松浦郡佐々町本田原免,129.646859,33.236701,,,0,9991130
9991131,9991131,小浦,,,99911,42,857-0361,北松浦郡佐々町小浦免,129.641643,33.222005,,,0,9991131
9991132,9991132,真申,,,99911,42,858-0908,佐世保市光町,129.651460,33.206498,,,0,9991132
9991133,9991133,棚方,,,99911,42,858-0907,佐世保市棚方町,129.651796,33.201565,,,0,9991133
9991134,9991134,相浦,,,99911,42,858-0918,佐世保市相浦町,129.657140,33.192577,,,0,9991134
9991135,9991135,大学,,,99911,42,858-0914,佐世保市川下町,129.667187,33.189461,,,0,9991135
9991136,9991136,上相浦,,,99911,42,858-0916,佐世保市木宮町,129.670453,33.195205,,,0,9991136
9991137,9991137,本山,,,99911,42,858-0905,佐世保市下本山町,129.682099,33.207029,,,0,9991137
9991138,9991138,中里,,,99911,42,858-0904,佐世保市中里町,129.687448,33.208210,,,0,9991138
9991139,9991139,皆瀬,,,99911,42,857-0144,佐世保市皆瀬町,129.701741,33.213348,,,0,9991139
9991140,9991140,野中,,,99911,42,857-0142,佐世保市野中町,129.708527,33.211712,,,0,9991140
9991141,9991141,左石,,,99911,42,857-0136,佐世保市田原町,129.721992,33.208896,,,0,9991141
9991142,9991142,泉福寺,,,99911,42,857-0134,佐世保市瀬戸越３丁目,129.727028,33.205816,,,0,9991142
9991143,9991143,山の田,,,99911,42,857-0011,佐世保市春日町,129.722898,33.196575,,,0,9991143
9991144,9991144,北佐世保,,,99911,42,857-0016,佐世保市俵町,129.720446,33.187170,,,0,9991144
9991145,9991145,中佐世保,,,99911,42,857-0806,佐世保市島瀬町,129.722668,33.172297,,,0,9991145
9991146,9991146,佐世保中央,,,99911,42,857-0806,佐世保市島瀬町,129.720596,33.170902,,,0,9991146
9991147,1191814,佐世保,,,99911,42,857-0862,佐世保市白南風町,129.725667,33.163868,,,0,9991147
9991201,1190527,諫早,,,99912,42,854-0072,諫早市永昌町,130.041596,32.851018,,,0,9991201
9991202,9991202,本諫早,,,99912,42,854-0014,諫早市東小路町４-２２,130.052848,32.841841,,,0,9991202
9991203,9991203,幸,,,99912,42,854-0022,諫早市幸町８２１-２,130.066927,32.837050,,,0,9991203
9991204,9991204,小野本町,,,99912,42,854-0034,諫早市小野町５２０-１３,130.085570,32.833985,,,0,9991204
9991205,9991205,干拓の里,,,99912,42,854-0034,諫早市小野町２８９-２,130.093272,32.836138,,,0,9991205
9991206,9991206,森山,,,99912,42,854-0201,諫早市森山町下井牟田２４１１-５,130.113402,32.834969,,,0,9991206
9991207,9991207,釜ノ鼻,,,99912,42,854-0204,諫早市森山町田尻９８５-１,130.135624,32.833992,,,0,9991207
9991208,9991208,諫早東高校前,,,99912,42,854-0205,諫早市森山町杉谷１０９-２,130.149098,32.823084,,,0,9991208
9991209,9991209,愛野,,,99912,42,854-0301,雲仙市愛野町甲３８７３-３,130.155855,32.818824,,,0,9991209
9991210,9991210,阿母崎,,,99912,42,859-1116,雲仙市吾妻町阿母名１０９６-１,130.170196,32.830073,,,0,9991210
9991211,9991211,吾妻,,,99912,42,859-1107,雲仙市吾妻町牛口名２８０-３,130.189911,32.840305,,,0,9991211
9991212,9991212,古部,,,99912,42,859-1216,雲仙市瑞穂町古部乙８２-４,130.213024,32.856312,,,0,9991212
9991213,9991213,大正,,,99912,42,859-1215,雲仙市瑞穂町古部甲５-２,130.225482,32.860303,,,0,9991213
9991214,9991214,西郷,,,99912,42,859-1206,雲仙市瑞穂町西郷辛１３６-１,130.243814,32.872801,,,0,9991214
9991215,9991215,神代町,,,99912,42,859-1302,雲仙市国見町神代乙４５４-２,130.269728,32.871516,,,0,9991215
9991216,9991216,多比良町,,,99912,42,859-1322,雲仙市国見町多比良乙２００-２,130.308528,32.872061,,,0,9991216
9991217,9991217,島鉄湯江,,,99912,42,859-1401,島原市有明町湯江甲４７２-２,130.328246,32.858249,,,0,9991217
9991218,9991218,大三東,,,99912,42,859-1413,島原市有明町大三東丙１３５-２,130.344659,32.843734,,,0,9991218
9991219,9991219,松尾町,,,99912,42,859-1411,島原市有明町大三東甲２０１２,130.347714,32.834176,,,0,9991219
9991220,9991220,三会,,,99912,42,855-0012,島原市大手原町甲２２１８-１,130.357130,32.814936,,,0,9991220
9991221,9991221,島原,,,99912,42,855-0042,島原市片町５７７-１,130.370616,32.790489,,,0,9991221
9991222,9991222,島鉄本社前,,,99912,42,855-0802,島原市弁天町２-７３８９-１０,130.374233,32.782198,,,0,9991222
9991223,9991223,南島原,,,99912,42,855-0814,島原市津町４０９-１,130.375570,32.775768,,,0,9991223
9991224,9991224,島原外港,,,99912,42,855-0861,島原市下川尻町７９２３-２,130.370151,32.768507,,,0,9991224
9991225,9991225,秩父が浦,,,99912,42,855-0864,長崎県島原市秩父が浦町,130.368843,32.759989,,,2,9991225
9991226,9991226,安徳,,,99912,42,855-0873,長崎県島原市北安徳町,130.367865,32.750670,,,2,9991226
9991227,9991227,瀬野深江,,,99912,42,859-1502,長崎県南島原市深江町諏訪4914-2,130.361016,32.732606,,,2,9991227
9991228,9991228,深江,,,99912,42,859-1502,長崎県南島原市深江町馬場799-2,130.348193,32.718407,,,2,9991228
9991229,9991229,布津新田,,,99912,42,859-2112,長崎県南島原市布津町大崎2092-4,130.348254,32.699764,,,2,9991229
9991230,9991230,布津,,,99912,42,859-2112,長崎県南島原市布津町貝崎1469-7,130.352927,32.687148,,,2,9991230
9991231,9991231,堂崎,,,99912,42,859-2121,長崎県南島原市有家町石田1338-1,130.332702,32.670877,,,2,9991231
9991232,9991232,蒲河,,,99912,42,859-2204,長崎県南島原市有家町蒲河549-2,130.320178,32.665983,,,2,9991232
9991233,9991233,有家,,,99912,42,859-2206,長崎県南島原市有家町中須川183-2,130.305116,32.664071,,,2,9991233
9991234,9991234,西有家,,,99912,42,859-2212,長崎県南島原市西有家町須川426-4,130.294114,32.657207,,,2,9991234
9991235,9991235,龍石,,,99912,42,859-2216,長崎県南島原市西有家町龍石5082-17,130.271919,32.654244,,,2,9991235
9991236,9991236,北有馬,,,99912,42,859-2302,長崎県南島原市北有馬町谷川2962-2,130.253040,32.655074,,,2,9991236
9991237,9991237,常光寺前,,,99912,42,859-2412,長崎県南島原市南有馬町北岡,130.249782,32.649244,,,2,9991237
9991238,9991238,浦田観音,,,99912,42,859-2412,長崎県南島原市南有馬町浦田,130.252268,32.639745,,,2,9991238
9991239,9991239,原城,,,99912,42,859-2412,長崎県南島原市南有馬町大江,130.249436,32.632879,,,2,9991239
9991240,9991240,有馬吉川,,,99912,42,859-2412,長崎県南島原市南有馬町吉川,130.230487,32.618296,,,2,9991240
9991241,9991241,東大屋,,,99912,42,859-2501,長崎県南島原市口之津町東大屋,130.198648,32.611296,,,2,9991241
9991242,9991242,口之津,,,99912,42,859-2501,長崎県南島原市口之津町西大屋,130.185658,32.611618,,,2,9991242
9991243,9991243,白浜海水浴場前,,,99912,42,859-2501,長崎県南島原市口之津町,130.175447,32.611157,,,2,9991243
9991244,9991244,加津佐,,,99912,42,859-2605,長崎県南島原市加津佐町水下津,130.166728,32.623366,,,2,9991244
9991301,9991301,赤迫,,,99913,42,852-8155,長崎市中園町,129.857948,32.793732,,,0,9991301
9991302,9991302,住吉,,,99913,42,852-8154,長崎市住吉町,129.859836,32.792073,,,0,9991302
9991303,1190539,昭和町通り,,,99913,42,852-8155,長崎県長崎市中園町,129.860694,32.79063,,,0,9991303
9991304,9991304,千歳町,,,99913,42,852-8137,長崎市若葉町,129.860952,32.78962,,,0,9991304
9991305,9991305,若葉町,,,99913,42,852-8137,長崎市若葉町,129.861596,32.787744,,,0,9991305
9991306,9991306,長崎大学前,,,99913,42,852-8137,長崎市若葉町,129.862282,32.785759,,,0,9991306
9991307,9991307,岩屋橋,,,99913,42,852-8134,長崎市大橋町,129.862282,32.781935,,,0,9991307
9991308,9991308,浦上車庫前,,,99913,42,852-8134,長崎市大橋町,129.861381,32.77968,,,0,9991308
9991309,9991309,大橋,,,99913,42,852-8118,長崎市松山町,129.861467,32.777713,,,0,9991309
9991310,9991310,松山町,,,99913,42,852-8118,長崎市松山町,129.862132,32.773437,,,0,9991310
9991311,9991311,浜口町,,,99913,42,852-8107,長崎市浜口町,129.863784,32.770551,,,0,9991311
9991312,9991312,大学病院前,,,99913,42,852-8107,長崎市浜口町,129.864171,32.769017,,,0,9991312
9991313,1190540,浦上駅前,,,99913,42,852-8106,長崎市岩川町,129.864171,32.765481,,,0,9991313
9991314,9991314,茂里町,,,99913,42,852-8105,長崎市目覚町,129.864557,32.763965,,,0,9991314
9991315,9991315,銭座町,,,99913,42,850-0047,長崎市銭座町,129.865801,32.761475,,,0,9991315
9991316,9991316,宝町,,,99913,42,850-0045,長崎市宝町,129.868913,32.75783,,,0,9991316
9991317,9991317,八千代町,,,99913,42,850-0043,長崎市八千代町,129.870436,32.754979,,,0,9991317
9991318,1190541,長崎駅前,,,99913,42,850-0057,長崎市大黒町,129.871874,32.75238,,,0,9991318
9991319,9991319,五島町,,,99913,42,850-0035,長崎市元船町２,129.872217,32.749411,,,0,9991319
9991320,9991320,大波止,,,99913,42,850-0861,長崎市江戸町２,129.872046,32.745116,,,0,9991320
9991321,9991321,出島,,,99913,42,850-0862,長崎市出島町,129.871681,32.743871,,,0,9991321
9991322,9991322,築町,,,99913,42,850-0841,長崎市銅座町,129.874942,32.742869,,,0,9991322
9991323,9991323,西浜町,,,99913,42,850-0853,長崎市浜町,129.876015,32.743735,,,0,9991323
9991324,9991324,観光通り,,,99913,42,850-0853,長崎県長崎市浜町,129.877775,32.743483,,,0,9991324
9991325,9991325,思案橋,,,99913,42,850-0832,長崎市油屋町,129.880264,32.742725,,,0,9991325
9991326,9991326,正覚寺下,,,99913,42,850-0832,長崎市油屋町,129.882109,32.741425,,,0,9991326
9991401,9991401,蛍茶屋,,,99914,42,850-0013,長崎市中川町２,129.894254,32.751135,,,0,9991401
9991402,9991402,新中川町,,,99914,42,850-0014,長崎市新中川町,129.890435,32.752362,,,0,9991402
9991403,9991403,新大工町,,,99914,42,850-0017,長崎市新大工町,129.886701,32.75238,,,0,9991403
9991404,9991404,諏訪神社前,,,99914,42,850-0023,長崎市出来大工町,129.884083,32.752596,,,0,9991404
9991405,9991405,公会堂前,,,99914,42,850-0874,長崎市魚の町,129.88065,32.74942,,,0,9991405
9991406,9991406,桜町,,,99914,42,850-0031,長崎市桜町,129.8755,32.750792,,,0,9991406
9991407,1190541,長崎駅前,,,99914,42,850-0057,長崎市大黒町,129.871874,32.75238,,,0,9991407
9991408,9991317,八千代町,,,99914,42,850-0043,長崎市八千代町,129.870436,32.754979,,,0,9991408
9991409,9991316,宝町,,,99914,42,850-0045,長崎市宝町,129.868913,32.75783,,,0,9991409
9991410,9991315,銭座町,,,99914,42,850-0047,長崎市銭座町,129.865801,32.761475,,,0,9991410
9991411,9991314,茂里町,,,99914,42,852-8105,長崎市目覚町,129.864557,32.763965,,,0,9991411
9991412,1190540,浦上駅前,,,99914,42,852-8106,長崎市岩川町,129.864171,32.765481,,,0,9991412
9991413,9991312,大学病院前,,,99914,42,852-8107,長崎市浜口町,129.864171,32.769017,,,0,9991413
9991414,9991311,浜口町,,,99914,42,852-8107,長崎市浜口町,129.863784,32.770551,,,0,9991414
9991415,9991310,松山町,,,99914,42,852-8118,長崎市松山町,129.862132,32.773437,,,0,9991415
9991416,9991309,大橋,,,99914,42,852-8118,長崎市松山町,129.861467,32.777713,,,0,9991416
9991417,9991308,浦上車庫前,,,99914,42,852-8134,長崎市大橋町,129.861381,32.77968,,,0,9991417
9991418,9991307,岩屋橋,,,99914,42,852-8134,長崎市大橋町,129.862282,32.781935,,,0,9991418
9991419,9991306,長崎大学前,,,99914,42,852-8137,長崎市若葉町,129.862282,32.785759,,,0,9991419
9991420,9991305,若葉町,,,99914,42,852-8137,長崎市若葉町,129.861596,32.787744,,,0,9991420
9991421,9991304,千歳町,,,99914,42,852-8137,長崎市若葉町,129.860952,32.78962,,,0,9991421
9991422,1190539,昭和町通り,,,99914,42,852-8155,長崎県長崎市中園町,129.860694,32.79063,,,0,9991422
9991423,9991302,住吉,,,99914,42,852-8154,長崎市住吉町,129.859836,32.792073,,,0,9991423
9991424,9991301,赤迫,,,99914,42,852-8155,長崎市中園町,129.857948,32.793732,,,0,9991424
9991501,9991401,蛍茶屋,,,99915,42,850-0013,長崎市中川町２,129.894254,32.751135,,,0,9991501
9991502,9991402,新中川町,,,99915,42,850-0014,長崎市新中川町,129.890435,32.752362,,,0,9991502
9991503,9991403,新大工町,,,99915,42,850-0017,長崎市新大工町,129.886701,32.75238,,,0,9991503
9991504,9991404,諏訪神社前,,,99915,42,850-0023,長崎市出来大工町,129.884083,32.752596,,,0,9991504
9991505,9991405,公会堂前,,,99915,42,850-0874,長崎市魚の町,129.88065,32.74942,,,0,9991505
9991506,9991506,賑橋,,,99915,42,850-0875,長崎市栄町,129.878204,32.746785,,,0,9991506
9991507,9991323,西浜町,,,99915,42,850-0853,長崎市浜町,129.876015,32.743735,,,0,9991507
9991508,9991324,観光通り,,,99915,42,850-0853,長崎県長崎市浜町,129.877775,32.743483,,,0,9991508
9991509,9991325,思案橋,,,99915,42,850-0832,長崎市油屋町,129.880264,32.742725,,,0,9991509
9991510,9991326,正覚寺下,,,99915,42,850-0832,長崎市油屋町,129.882109,32.741425,,,0,9991510
9991601,9991401,蛍茶屋,,,99916,42,850-0013,長崎市中川町２,129.894254,32.751135,,,0,9991601
9991602,9991402,新中川町,,,99916,42,850-0014,長崎市新中川町,129.890435,32.752362,,,0,9991602
9991603,9991403,新大工町,,,99916,42,850-0017,長崎市新大工町,129.886701,32.75238,,,0,9991603
9991604,9991404,諏訪神社前,,,99916,42,850-0023,長崎市出来大工町,129.884083,32.752596,,,0,9991604
9991605,9991405,公会堂前,,,99916,42,850-0874,長崎市魚の町,129.88065,32.74942,,,0,9991605
9991606,9991506,賑橋,,,99916,42,850-0875,長崎市栄町,129.878204,32.746785,,,0,9991606
9991607,9991323,西浜町,,,99916,42,850-0853,長崎市浜町,129.876015,32.743735,,,0,9991607
9991608,9991322,築町,,,99916,42,850-0841,長崎市銅座町,129.874942,32.742869,,,0,9991608
9991609,9991609,市民病院前,,,99916,42,850-0842,長崎市新地町,129.87241,32.740523,,,0,9991609
9991610,9991610,大浦海岸通り,,,99916,42,850-0918,長崎県長崎市大浦町,129.870608,32.737861,,,0,9991610
9991611,9991611,大浦天主堂下,,,99916,42,850-0918,長崎市大浦町,129.87078,32.736408,,,0,9991611
9991612,9991612,石橋,,,99916,42,850-0918,長崎市大浦町,129.872432,32.734269,,,0,9991612
9991701,9991701,藤崎宮前,,,99917,43,860-0863,熊本市坪井２-４４,130.713218,32.808928,,,0,9991701
9991702,9991702,黒髪町,,,99917,43,860-0863,熊本市坪井６-５４８,130.717232,32.818408,,,0,9991702
9991703,9991703,北熊本,,,99917,43,861-8072,熊本市室園町２５５,130.721981,32.827492,,,0,9991703
9991704,9991704,亀井,,,99917,43,861-8066,熊本市清水亀井町１３７-６,130.722240,32.837414,,,0,9991704
9991705,9991705,八景水谷,,,99917,43,861-8066,熊本市清水亀井町２７５-５,130.722812,32.841258,,,0,9991705
9991706,9991706,堀川,,,99917,43,861-8064,熊本市八景水谷１-１０９２-２,130.725231,32.848988,,,0,9991706
9991707,9991707,新須屋,,,99917,43,861-1102,合志市須屋塔の木４４２-５,130.730198,32.853266,,,0,9991707
9991708,9991708,須屋,,,99917,43,861-1102,合志市須屋迫間１２１７-５,130.736481,32.858493,,,0,9991708
9991709,9991709,三ツ石,,,99917,43,861-1102,合志市須屋峠１８１６-４,130.738378,32.864265,,,0,9991709
9991710,9991710,黒石,,,99917,43,861-1102,合志市須屋黒石屋敷２６１９-７,130.742164,32.870636,,,0,9991710
9991711,9991711,熊本高専前,,,99917,43,861-1102,合志市須屋大窪２６７０-４,130.746271,32.878088,,,0,9991711
9991712,9991712,再春荘前,,,99917,43,861-1102,合志市須屋大窪２６６２-５,130.747938,32.880866,,,0,9991712
9991713,9991713,御代志,,,99917,43,861-1104,合志市御代志東海道１６９３-１,130.750124,32.884985,,,0,9991713
9991801,1190340,上熊本,,,99918,43,860-0079,熊本市上熊本２丁目,130.699797,32.818324,,,0,9991801
9991802,9991802,韓々坂,,,99918,43,860-0079,熊本市上熊本３-５５２,130.701917,32.824201,,,0,9991802
9991803,9991803,池田,,,99918,43,860-0082,熊本市池田２-８１７,130.707480,32.827082,,,0,9991803
9991804,9991804,打越,,,99918,43,860-0086,熊本市打越町,130.713796,32.823765,,,0,9991804
9991805,9991805,坪井川公園,,,99918,43,860-0863,熊本市坪井６-３６７,130.718773,32.821427,,,0,9991805
9991806,9991703,北熊本,,,99918,43,861-8072,熊本市室園町２５５,130.721981,32.827492,,,0,9991806
9991901,1192314,立野,,,99919,43,869-1401,阿蘇郡南阿蘇村立野,130.965403,32.877570,,,0,9991901
9991902,9991902,長陽,,,99919,43,869-1404,阿蘇郡南阿蘇村河陽,131.003945,32.854287,,,0,9991902
9991903,9991903,加勢,,,99919,43,869-1404,阿蘇郡南阿蘇村河陽,131.010139,32.847818,,,0,9991903
9991904,9991904,阿蘇下田城ふれあい温泉,,,99919,43,869-1404,阿蘇郡南阿蘇村河陽,131.024654,32.844413,,,0,9991904
9991905,9991905,南阿蘇水の生まれる里白水高原,,,99919,43,869-1505,阿蘇郡南阿蘇村中松,131.040264,32.834070,,,0,9991905
9991906,9991906,中松,,,99919,43,869-2205,阿蘇郡南阿蘇村中松,131.053594,32.827381,,,0,9991906
9991907,9991907,阿蘇白川,,,99919,43,869-1502,阿蘇郡南阿蘇村白川,131.084345,32.822368,,,0,9991907
9991910,9991910,南阿蘇白川水源,,,99919,43,869-1502,熊本県阿蘇郡南阿蘇村,131.091667,32.822222,2012-03-17,,0,9991907
9991908,9991908,見晴台,,,99919,43,869-1501,阿蘇郡南阿蘇村両併,131.109621,32.817613,,,0,9991908
9991909,9991909,高森,,,99919,43,869-1602,阿蘇郡高森町大字高森,131.122561,32.819540,,,0,9991909
9992001,1192515,人吉温泉,,,99920,43,868-0008,熊本県人吉市中青井町,130.753797,32.216142,,,0,9992001
9992002,9992002,相良藩願成寺,,,99920,43,868-0022,人吉市願成寺町高野,130.769626,32.218429,,,0,9992002
9992003,9992003,川村,,,99920,43,868-0095,球磨郡相良村大字柳瀬,130.795307,32.207284,,,0,9992003
9992004,9992004,肥後西村,,,99920,43,868-0303,球磨郡錦町大字西,130.808839,32.202271,,,0,9992004
9992005,9992005,一武,,,99920,43,868-0302,球磨郡錦町大字一武,130.839915,32.214551,,,0,9992005
9992006,9992006,木上,,,99920,43,868-0301,球磨郡錦町大字木上,130.858888,32.224256,,,0,9992006
9992007,9992007,おかどめ幸福,,,99920,43,868-0400,球磨郡あさぎり町,130.873629,32.231011,,,0,9992007
9992008,9992008,あさぎり,,,99920,43,868-0415,熊本県球磨郡あさぎり町免田,130.893783,32.236191,,,0,9992008
9992009,9992009,東免田,,,99920,43,868-0400,球磨郡あさぎり町,130.912947,32.250095,,,0,9992009
9992010,9992010,公立病院前,,,99920,43,868-0501,球磨郡多良木町大字多良木,130.921768,32.255906,,,0,9992010
9992011,9992011,多良木,,,99920,43,868-0501,球磨郡多良木町大字多良木,130.933362,32.262903,,,0,9992011
9992012,9992012,東多良木,,,99920,43,868-0502,球磨郡多良木町大字黒肥地,130.950765,32.272211,,,0,9992012
9992013,9992013,新鶴羽,,,99920,43,868-0501,球磨郡多良木町大字多良木,130.966275,32.275372,,,0,9992013
9992014,9992014,湯前,,,99920,43,868-0600,球磨郡湯前町字上牧原,130.980094,32.281389,,,0,9992014
9992101,1190349,八代,,,99921,43,866-0831,八代市萩原町１丁目,130.621609,32.503805,,,0,9992101
9992102,9992102,肥後高田,,,99921,43,866-0074,八代市平山新町,130.612588,32.475546,,,0,9992102
9992103,9992103,日奈久温泉,,,99921,43,869-5142,八代市日奈久塩北町,130.581635,32.436163,,,0,9992103
9992104,9992104,肥後二見,,,99921,43,869-5171,八代市二見洲口町,130.550019,32.420111,,,0,9992104
9992105,9992105,上田浦,,,99921,43,869-5307,葦北郡芦北町井牟田,130.518600,32.392952,,,0,9992105
9992106,9992106,たのうら御立岬公園,,,99921,43,869-5305,葦北郡芦北町田浦町,130.506705,32.363202,,,0,9992106
9992107,9992107,肥後田浦,,,99921,43,869-5303,葦北郡芦北町小田浦,130.504778,32.350698,,,0,9992107
9992108,9992108,海浦,,,99921,43,869-5304,葦北郡芦北町海浦,130.488766,32.327997,,,0,9992108
9992109,9992109,佐敷,,,99921,43,869-5442,葦北郡芦北町花岡西,130.497277,32.302447,,,0,9992109
9992110,9992110,湯浦,,,99921,43,869-5562,葦北郡芦北町大字宮崎,130.504667,32.271231,,,0,9992110
9992111,9992111,津奈木,,,99921,43,869-5600,葦北郡津奈木町,130.450165,32.232417,,,0,9992111
9992112,9992112,新水俣,,,99921,43,867-0002,水俣市初野３０５,130.428893,32.210825,,,0,9992112
9992113,9992113,水俣,,,99921,43,867-0045,水俣市桜井町１丁目,130.395763,32.204919,,,0,9992113
9992114,9992114,袋,,,99921,43,867-0034,水俣市大字袋,130.374391,32.165517,,,0,9992114
9992115,9992115,米ノ津,,,99921,46,899-0200,出水市下鯖淵,130.342139,32.122269,,,0,9992115
9992116,9992116,出水,,,99921,46,899-0203,出水市上鯖淵,130.357803,32.089275,,,0,9992116
9992117,9992117,西出水,,,99921,46,899-0213,出水市西出水町,130.339285,32.075398,,,0,9992117
9992118,9992118,高尾野,,,99921,46,899-0402,出水市高尾野町柴引,130.301632,32.062536,,,0,9992118
9992119,9992119,野田郷,,,99921,46,899-0502,出水市野田町下名,130.267214,32.063238,,,0,9992119
9992120,9992120,折口,,,99921,46,899-1601,阿久根市折口,130.217485,32.060949,,,0,9992120
9992121,9992121,阿久根,,,99921,46,899-1616,阿久根市栄町,130.196276,32.022969,,,0,9992121
9992122,9992122,牛ノ浜,,,99921,46,899-1741,阿久根市大川,130.207038,31.973962,,,0,9992122
9992123,9992123,薩摩大川,,,99921,46,899-1741,阿久根市大川,130.219072,31.949414,,,0,9992123
9992124,9992124,西方,,,99921,46,899-1801,薩摩川内市西方町,130.223658,31.916153,,,0,9992124
9992125,9992125,薩摩高城,,,99921,46,899-1802,薩摩川内市湯田町,130.220649,31.892545,,,0,9992125
9992126,9992126,草道,,,99921,46,899-1921,薩摩川内市水引町,130.233533,31.854556,,,0,9992126
9992127,9992127,上川内,,,99921,46,895-0061,薩摩川内市御陵下町,130.292406,31.835370,,,0,9992127
9992128,1190401,川内,,,99921,46,895-0024,薩摩川内市鳥追町,130.312130,31.813726,,,0,9992128
9992201,9992201,田崎橋,,,99922,43,860-0047,熊本市春日２丁目１０-５４地先,130.68866,32.785398,,,0,9992201
9992202,9992202,二本木口,,,99922,43,860-0047,熊本市春日２丁目９-９地先,130.689368,32.786986,,,0,9992202
9992203,1190341,熊本駅前,,,99922,43,860-0047,熊本市春日１丁目１６-１４地先,130.690398,32.790377,,,0,9992203
9992204,9992204,祇園橋,,,99922,43,860-0041,熊本県熊本市中央区細工町五丁目,130.694647,32.792794,,,0,9992204
9992205,9992205,呉服町,,,99922,43,860-0031,熊本市魚屋町２丁目１３地先,130.696921,32.795753,,,0,9992205
9992206,9992206,河原町,,,99922,43,860-0023,熊本市河原町７地先,130.701299,32.794742,,,0,9992206
9992207,9992207,慶徳校前,,,99922,43,860-0017,熊本市練兵町７４地先,130.702457,32.797304,,,0,9992207
9992208,9992208,辛島町,,,99922,43,860-0803,熊本市新市街７-１地先,130.705075,32.798891,,,0,9992208
9992209,9992209,花畑町,,,99922,43,860-0806,熊本市花畑町１２-１地先,130.705483,32.801128,,,0,9992209
9992210,9992210,熊本城・市役所前,,,99922,43,860-0808,熊本市手取本町１-１地先,130.707028,32.802967,,,0,9992210
9992211,9992211,通町筋,,,99922,43,860-0808,熊本市手取本町４-５地先,130.709817,32.803364,,,0,9992211
9992212,9992212,水道町,,,99922,43,860-0808,熊本市手取本町８地先,130.712564,32.80239,,,0,9992212
9992213,9992213,九品寺交差点,,,99922,43,862-0976,熊本市九品寺１丁目２-１１地先,130.7178,32.799576,,,0,9992213
9992214,9992214,交通局前,,,99922,43,862-0976,熊本市九品寺２丁目３地先,130.719945,32.797664,,,0,9992214
9992215,9992215,味噌天神前,,,99922,43,862-0973,熊本市大江本町６-６地先,130.723722,32.795644,,,0,9992215
9992216,1192304,新水前寺駅前,,,99922,43,862-0949,熊本市国府１丁目１１-２地先,130.727069,32.793516,,,0,9992216
9992217,9992217,国府,,,99922,43,862-0949,熊本市国府１丁目２０-１地先,130.729172,32.792217,,,0,9992217
9992218,9992218,水前寺公園,,,99922,43,862-0941,熊本市出水１丁目６-１地先,130.732455,32.789908,,,0,9992218
9992219,9992219,市立体育館前,,,99922,43,862-0941,熊本市出水１丁目８-５地先,130.734708,32.788429,,,0,9992219
9992220,9992220,商業高校前,,,99922,43,862-0955,熊本市神水本町１-４４地先,130.739107,32.785398,,,0,9992220
9992221,9992221,八丁馬場,,,99922,43,862-0955,熊本市神水本町１９-６地先,130.741746,32.783739,,,0,9992221
9992222,9992222,神水・市民病院前,,,99922,43,862-0955,熊本市神水本町２１-２２地先,130.74518,32.783649,,,0,9992222
9992223,9992223,健軍校前,,,99922,43,862-0911,熊本市健軍４丁目１３-２地先,130.750952,32.781917,,,0,9992223
9992224,9992224,動植物園入口,,,99922,43,862-0908,熊本市新生１丁目地先,130.754707,32.78051,,,0,9992224
9992225,9992225,健軍交番前,,,99922,43,862-0908,熊本市新生１丁目９-７地先,130.757668,32.779463,,,0,9992225
9992226,9992226,健軍町,,,99922,43,862-0903,熊本市若葉１丁目２-５地先,130.761209,32.778381,,,0,9992226
9992301,1190340,上熊本駅前,,,99923,43,860-0079,熊本市上熊本２丁目１８-８地内,130.699266,32.81716,,,0,9992301
9992302,9992302,県立体育館前,,,99923,43,860-0079,熊本市上熊本２丁目１７-３９地先,130.69896,32.815032,,,0,9992302
9992303,9992303,本妙寺入口,,,99923,43,860-0079,熊本市上熊本２丁目１３-８地先,130.698466,32.813626,,,0,9992303
9992304,9992304,杉塘,,,99923,43,860-0079,熊本市上熊本２丁目４-２２地先,130.696986,32.810308,,,0,9992304
9992305,9992305,段山町,,,99923,43,860-0006,熊本市段山本町４-３８地先,130.695505,32.806701,,,0,9992305
9992306,9992306,蔚山町,,,99923,43,860-0004,熊本市新町１丁目７-２６地先,130.696986,32.803959,,,0,9992306
9992307,9992307,新町,,,99923,43,860-0004,熊本市新町２丁目６-１０地先,130.697222,32.799739,,,0,9992307
9992308,9992308,洗馬橋,,,99923,43,860-0004,熊本市新町２丁目３-７地先,130.698917,32.799234,,,0,9992308
9992309,9992309,西辛島町,,,99923,43,860-0804,熊本市辛島町７-９地先,130.702264,32.798801,,,0,9992309
9992310,9992208,辛島町,,,99923,43,860-0803,熊本市新市街７-１地先,130.705075,32.798891,,,0,9992310
9992311,9992209,花畑町,,,99923,43,860-0806,熊本市花畑町１２-１地先,130.705483,32.801128,,,0,9992311
9992312,9992210,熊本城・市役所前,,,99923,43,860-0808,熊本市手取本町１-１地先,130.707028,32.802967,,,0,9992312
9992313,9992211,通町筋,,,99923,43,860-0808,熊本市手取本町４-５地先,130.709817,32.803364,,,0,9992313
9992314,9992212,水道町,,,99923,43,860-0808,熊本市手取本町８地先,130.712564,32.80239,,,0,9992314
9992315,9992213,九品寺交差点,,,99923,43,862-0976,熊本市九品寺１丁目２-１１地先,130.7178,32.799576,,,0,9992315
9992316,9992214,交通局前,,,99923,43,862-0976,熊本市九品寺２丁目３地先,130.719945,32.797664,,,0,9992316
9992317,9992215,味噌天神前,,,99923,43,862-0973,熊本市大江本町６-６地先,130.723722,32.795644,,,0,9992317
9992318,1192304,新水前寺駅前,,,99923,43,862-0949,熊本市国府１丁目１１-２地先,130.727069,32.793516,,,0,9992318
9992319,9992217,国府,,,99923,43,862-0949,熊本市国府１丁目２０-１地先,130.729172,32.792217,,,0,9992319
9992320,9992218,水前寺公園,,,99923,43,862-0941,熊本市出水１丁目６-１地先,130.732455,32.789908,,,0,9992320
9992321,9992219,市立体育館前,,,99923,43,862-0941,熊本市出水１丁目８-５地先,130.734708,32.788429,,,0,9992321
9992322,9992220,商業高校前,,,99923,43,862-0955,熊本市神水本町１-４４地先,130.739107,32.785398,,,0,9992322
9992323,9992221,八丁馬場,,,99923,43,862-0955,熊本市神水本町１９-６地先,130.741746,32.783739,,,0,9992323
9992324,9992222,神水・市民病院前,,,99923,43,862-0955,熊本市神水本町２１-２２地先,130.74518,32.783649,,,0,9992324
9992325,9992223,健軍校前,,,99923,43,862-0911,熊本市健軍４丁目１３-２地先,130.750952,32.781917,,,0,9992325
9992326,9992224,動植物園入口,,,99923,43,862-0908,熊本市新生１丁目地先,130.754707,32.78051,,,0,9992326
9992327,9992225,健軍交番前,,,99923,43,862-0908,熊本市新生１丁目９-７地先,130.757668,32.779463,,,0,9992327
9992328,9992226,健軍町,,,99923,43,862-0903,熊本市若葉１丁目２-５地先,130.761209,32.778381,,,0,9992328
9992501,1190412,鹿児島駅前,,,99925,46,892-0812,鹿児島市浜町,130.562414,31.601264,,,0,9992501
9992502,9992502,桜島桟橋,,,99925,46,892-0817,鹿児島市小川町,130.560976,31.599976,,,0,9992502
9992503,9992503,水族館口,,,99925,46,892-0816,鹿児島市山下町,130.559539,31.59898,,,0,9992503
9992504,9992504,市役所前,,,99925,46,892-0816,鹿児島市山下町,130.558015,31.597179,,,0,9992504
9992505,9992505,朝日通,,,99925,46,892-0821,鹿児島市名山町,130.557286,31.594374,,,0,9992505
9992506,9992506,いづろ通,,,99925,46,892-0828,鹿児島市金生町,130.557672,31.591824,,,0,9992506
9992507,9992507,天文館通,,,99925,46,892-0843,鹿児島市千日町,130.555075,31.590691,,,0,9992507
9992508,9992508,高見馬場,,,99925,46,892-0844,鹿児島市山之口町,130.550977,31.588726,,,0,9992508
9992509,9992509,甲東中学校前,,,99925,46,892-0845,鹿児島市樋之口町,130.553058,31.585738,,,0,9992509
9992510,9992510,新屋敷,,,99925,46,892-0846,鹿児島市加治屋町,130.553724,31.583855,,,0,9992510
9992511,9992511,武之橋,,,99925,46,890-0056,鹿児島市下荒田１,130.554088,31.57976,,,0,9992511
9992512,9992512,二中通,,,99925,46,890-0056,鹿児島県鹿児島市高麗町,130.553702,31.57711,,,0,9992512
9992513,9992513,荒田八幡,,,99925,46,890-0056,鹿児島市下荒田３,130.553015,31.573618,,,0,9992513
9992514,9992514,騎射場,,,99925,46,890-0056,鹿児島市下荒田３,130.5519,31.569102,,,0,9992514
9992515,9992515,鴨池,,,99925,46,890-0063,鹿児島市鴨池２,130.549968,31.564129,,,0,9992515
9992516,9992516,郡元,,,99925,46,890-0063,鹿児島県鹿児島市鴨池一丁目,130.54938778281212,31.562925038618406,,,0,9992516
9992525,9992525,郡元南,,,99925,46,890-0063,鹿児島県鹿児島市鴨池,130.54884061217308,31.562168561989147,,,0,9992516
9992517,9992517,涙橋,,,99925,46,890-0065,鹿児島市郡元２,130.546707,31.559266,,,0,9992517
9992518,1193003,南鹿児島駅前,,,99925,46,890-0069,鹿児島市南郡元町,130.544196,31.555371,,,0,9992518
9992519,9992519,二軒茶屋,,,99925,46,890-0073,鹿児島市宇宿１,130.541192,31.55005,,,0,9992519
9992520,9992520,宇宿一丁目,,,99925,46,890-0073,鹿児島市宇宿１,130.539068,31.546439,,,0,9992520
9992521,1193004,脇田,,,99925,46,890-0073,鹿児島市宇宿３,130.53763,31.54418,,,0,9992521
9992522,9992522,笹貫,,,99925,46,891-0114,鹿児島市小松原１,130.534047,31.539636,,,0,9992522
9992523,9992523,上塩屋,,,99925,46,891-0114,鹿児島市小松原１,130.528811,31.534762,,,0,9992523
9992524,9992524,谷山,,,99925,46,891-0141,鹿児島県鹿児島市谷山中央1丁目4127,130.523404,31.530108,,,0,9992524
9992601,1190412,鹿児島駅前,,,99926,46,892-0812,鹿児島市浜町,130.562414,31.601264,,,0,9992601
9992602,9992502,桜島桟橋,,,99926,46,892-0817,鹿児島市小川町,130.560976,31.599976,,,0,9992602
9992603,9992503,水族館口,,,99926,46,892-0816,鹿児島市山下町,130.559539,31.59898,,,0,9992603
9992604,9992504,市役所前,,,99926,46,892-0816,鹿児島市山下町,130.558015,31.597179,,,0,9992604
9992605,9992505,朝日通,,,99926,46,892-0821,鹿児島市名山町,130.557286,31.594374,,,0,9992605
9992606,9992506,いづろ通,,,99926,46,892-0828,鹿児島市金生町,130.557672,31.591824,,,0,9992606
9992607,9992507,天文館通,,,99926,46,892-0843,鹿児島市千日町,130.555075,31.590691,,,0,9992607
9992608,9992508,高見馬場,,,99926,46,892-0844,鹿児島市山之口町,130.550977,31.588726,,,0,9992608
9992609,9992609,加治屋町,,,99926,46,892-0846,鹿児島市加治屋町,130.548037,31.58731,,,0,9992609
9992610,9992610,高見橋,,,99926,46,890-0053,鹿児島市中央町,130.545162,31.58593,,,0,9992610
9992611,1190411,鹿児島中央駅前,,,99926,46,890-0053,鹿児島市中央町３７-１,130.543703,31.58412,,,0,9992611
9992612,9992612,都通,,,99926,46,890-0053,鹿児島市中央町,130.543038,31.580601,,,0,9992612
9992613,9992613,中洲通,,,99926,46,890-0055,鹿児島市上荒田町,130.542587,31.578581,,,0,9992613
9992614,9992614,市立病院前,,,99926,46,890-0055,鹿児島市上荒田町,130.541836,31.575812,,,0,9992614
9992615,9992615,神田（交通局前）,,,99926,46,890-0055,鹿児島市上荒田町,130.540613,31.572932,,,0,9992615
9992616,9992616,唐湊,,,99926,46,890-0065,鹿児島市郡元１,130.541085,31.570556,,,0,9992616
9992617,9992617,工学部前,,,99926,46,890-0065,鹿児島市郡元１,130.541857,31.568408,,,0,9992617
9992618,1193002,純心学園前,,,99926,46,890-0065,鹿児島市郡元１,130.542694,31.566872,,,0,9992618
9992619,9992619,中郡,,,99926,46,890-0065,鹿児島市郡元１,130.545312,31.56498,,,0,9992619
9992620,9992516,郡元,,,99926,46,890-0063,鹿児島県鹿児島市鴨池一丁目,130.549024,31.562466,,,0,9992620
9992701,9992701,那覇空港,,,99927,47,901-0142,那覇市字鏡水９３８-５,127.652214,26.206515,,,0,9992701
9992702,9992702,赤嶺,,,99927,47,901-0154,那覇市赤嶺２-１０００-１１,127.660348,26.193289,,,0,9992702
9992703,9992703,小禄,,,99927,47,901-0156,那覇市田原３-１０００-１,127.666853,26.196455,,,0,9992703
9992704,9992704,奥武山公園,,,99927,47,900-0026,那覇市奥武山町３１６-２,127.675252,26.200714,,,0,9992704
9992705,9992705,壺川,,,99927,47,900-0025,那覇市壺川３-１０６,127.678344,26.205927,,,0,9992705
9992706,9992706,旭橋,,,99927,47,900-0021,那覇市泉崎１-１０５,127.675515,26.211910,,,0,9992706
9992707,9992707,県庁前,,,99927,47,900-0015,那覇市久茂地１-１０３,127.679343,26.214446,,,0,9992707
9992708,9992708,美栄橋,,,99927,47,900-0013,那覇市牧志１-９６５,127.684328,26.219245,,,0,9992708
9992709,9992709,牧志,,,99927,47,900-0013,那覇市牧志３-２７２-５,127.692550,26.217248,,,0,9992709
9992710,9992710,安里,,,99927,47,902-0067,那覇市安里３８９-７,127.695736,26.216737,,,0,9992710
9992711,9992711,おもろまち,,,99927,47,902-0067,那覇市安里３０５-３,127.698391,26.222701,,,0,9992711
9992712,9992712,古島,,,99927,47,902-0061,那覇市古島９３-１,127.703079,26.230919,,,0,9992712
9992713,9992713,市立病院前,,,99927,47,902-0061,那覇市古島１７２-２,127.710003,26.227548,,,0,9992713
9992714,9992714,儀保,,,99927,47,903-0821,那覇市首里儀保町３-１４-３,127.719039,26.224663,,,0,9992714
9992715,9992715,首里,,,99927,47,903-0806,那覇市首里汀良町３-１９,127.725492,26.219191,,,0,9992715
9992801,1190202,九州鉄道記念館,,,99928,40,800-0000,福岡県北九州市門司区,130.962439,33.944392,,,0,9992801
9992802,9992802,出光美術館,,,99928,40,800-0000,福岡県北九州市門司区,130.965292,33.947792,,,0,9992802
9992803,9992803,ノーフォーク広場,,,99928,40,801-0854,福岡県北九州市門司区旧門司,130.964254,33.955973,,,0,9992803
9992804,9992804,関門海峡めかり,,,99928,40,801-0855,福岡県北九州市門司区門司,130.967347,33.960627,,,0,9992804
